strategy,k,R,budget,targeted_wards,mean_person_days,drop_mean,drop_std,drop_fraction_mean
none,0,0.0,0.0,,11152.045,0.0,0.0,0.0
whole_hospital,1,0.25,0.25,,11116.84,35.205,62.76311831084003,0.0031528394963477825
degree_targeted,1,0.25,0.25,Menard 1,11044.455,107.59,122.89449615800395,0.009580161314891629
koopman_targeted_D1,1,0.25,0.25,Menard 1,11044.455,107.59,122.89449615800395,0.009580161314891629
koopman_targeted_D2,1,0.25,0.25,Sorrel 1,11096.66,55.385,71.84116186204426,0.004939838637429251
koopman_targeted_D3,1,0.25,0.25,Sorrel 1,11096.66,55.385,71.84116186204426,0.004939838637429251
random,1,0.25,0.25,,11108.585,43.46,96.03631222788418,0.0039236070294374455
whole_hospital,1,0.5,0.5,,11075.49,76.555,92.48776626964097,0.0068425425609701706
degree_targeted,1,0.5,0.5,Menard 1,10958.975,193.07,157.94473017148982,0.017246811878280324
koopman_targeted_D1,1,0.5,0.5,Menard 1,10958.975,193.07,157.94473017148982,0.017246811878280324
koopman_targeted_D2,1,0.5,0.5,Sorrel 1,11043.285,108.76,95.22320987286903,0.009724039689682334
koopman_targeted_D3,1,0.5,0.5,Sorrel 1,11043.285,108.76,95.22320987286903,0.009724039689682334
random,1,0.5,0.5,,11068.755,83.29,132.44141930581495,0.007457768442651273
whole_hospital,1,0.75,0.75,,11039.195,112.85,111.5283387832832,0.010055443272638792
degree_targeted,1,0.75,0.75,Menard 1,10887.92,264.125,181.8454238242721,0.0236203791556995
koopman_targeted_D1,1,0.75,0.75,Menard 1,10887.92,264.125,181.8454238242721,0.0236203791556995
koopman_targeted_D2,1,0.75,0.75,Sorrel 1,10989.465,162.58,115.69959195213026,0.014541180841618347
koopman_targeted_D3,1,0.75,0.75,Sorrel 1,10989.465,162.58,115.69959195213026,0.014541180841618347
random,1,0.75,0.75,,11035.35,116.695,151.2463861439606,0.010413876148774488
whole_hospital,2,0.25,0.5,,11075.49,76.555,92.48776626964097,0.0068425425609701706
degree_targeted,2,0.25,0.5,"Menard 1,Menard 2",10999.365,152.68,134.5568105908501,0.013569627880150292
koopman_targeted_D1,2,0.25,0.5,"Menard 1,Sorrel 2",11020.315,131.73,128.45200147688274,0.011741083028741888
koopman_targeted_D2,2,0.25,0.5,"Sorrel 1,Menard 1",10997.52,154.525,140.85877804297039,0.013791708457123235
koopman_targeted_D3,2,0.25,0.5,"Sorrel 1,Menard 1",10997.52,154.525,140.85877804297039,0.013791708457123235
random,2,0.25,0.5,,11071.41,80.635,108.11840603531896,0.0072356978059002
whole_hospital,2,0.5,1.0,,11002.895,149.15,127.00776496659188,0.013274918846161521
degree_targeted,2,0.5,1.0,"Menard 1,Menard 2",10862.99,289.055,177.54691353988017,0.02574211798535803
koopman_targeted_D1,2,0.5,1.0,"Menard 1,Sorrel 2",10913.81,238.235,166.85879979896703,0.0212507404701591
koopman_targeted_D2,2,0.5,1.0,"Sorrel 1,Menard 1",10860.49,291.555,181.07056559147898,0.026077284297609724
koopman_targeted_D3,2,0.5,1.0,"Sorrel 1,Menard 1",10860.49,291.555,181.07056559147898,0.026077284297609724
random,2,0.5,1.0,,10994.865,157.18,156.01194259144322,0.014069190909260308
whole_hospital,2,0.75,1.5,,10920.565,231.48,161.31547667559792,0.020624291342866505
degree_targeted,2,0.75,1.5,"Menard 1,Menard 2",10753.775,398.27,206.53600827354015,0.03552973627767531
koopman_targeted_D1,2,0.75,1.5,"Menard 1,Sorrel 2",10821.88,330.165,195.21246710074075,0.02945640868987067
koopman_targeted_D2,2,0.75,1.5,"Sorrel 1,Menard 1",10739.455,412.59,207.148459616788,0.036934306265937876
koopman_targeted_D3,2,0.75,1.5,"Sorrel 1,Menard 1",10739.455,412.59,207.148459616788,0.036934306265937876
random,2,0.75,1.5,,10924.875,227.17,179.7298114549396,0.02030877190178093
