calc_ident,ward_group,degree,strength_seconds,degree_centrality,betweenness_centrality,eigenvector_centrality
PE-024-JOP,Menard 1,69,298215.0,0.1173469387755102,0.0006105107795149513,0.003442109453314424
PA-895-COA,Sorrel 2,44,3596715.0,0.07482993197278912,0.0004806532638152316,2.9525058397609096e-07
PE-152-JOM,Menard 2,71,126375.0,0.12074829931972789,0.0007028146682190719,6.860107296306536e-06
PA-489-HUM,Sorrel 0,63,67245.0,0.10714285714285714,0.0010602334530851927,7.137744322853087e-07
PE-557-BUJ,Other,16,11970.0,0.027210884353741496,7.577048231924918e-05,1.837435029228832e-08
PA-276-MSD,Menard 2,41,2508855.0,0.06972789115646258,0.00018829099229271097,1.8780553709848138e-06
PA-261-LAD,Menard 2,6,1170.0,0.01020408163265306,3.9679564595850165e-06,9.512220962013807e-09
PA-661-SIA,Sorrel 1,29,1240680.0,0.04931972789115646,0.00012474182195495027,1.7828173113639424e-05
PA-293-DUB,Menard 2,19,629715.0,0.03231292517006803,0.00027158398884285004,3.6709104820693627e-07
PA-916-LAB,Sorrel 2,5,200715.0,0.008503401360544217,1.7942923697684583e-05,3.843839749350378e-10
PA-435-LAR,Sorrel 0,85,146550.0,0.1445578231292517,0.001718205169458811,7.36440149366636e-07
PA-450-FIR,Sorrel 0,91,122505.0,0.15476190476190477,0.0015579395881534883,1.4569020250715961e-06
PE-603-MAL,Other,31,24750.0,0.052721088435374146,0.00027132790062310287,3.896873399210088e-07
PA-243-JAC,Menard 2,79,655230.0,0.13435374149659862,0.0014897048469502353,1.2387106190707932e-05
PE-600-BEP,Other,36,124155.0,0.061224489795918366,0.0012165921128754892,1.4032224826947796e-06
PE-013-PRD,Menard 1,86,206880.0,0.14625850340136054,0.000572818457240236,0.0004036738579147967
PE-401-BEY,Sorrel 2,82,309870.0,0.13945578231292516,0.0018700218099464033,3.763016474268252e-08
PE-701-COS,Other,135,178755.0,0.22959183673469388,0.009907261530479924,1.133251653836182e-05
PA-059-BOC,Menard 1,45,782070.0,0.07653061224489796,0.0002995637893025024,3.169771463152583e-05
PE-405-LOA,Sorrel 2,48,318990.0,0.08163265306122448,0.0003195116931709113,1.5739666543870895e-08
PE-542-MIC,Other,76,201360.0,0.1292517006802721,0.0012107212763653886,0.00035383367779215054
PE-649-QUJ,Other,44,204840.0,0.07482993197278912,0.00025302525590489687,6.655572293666631e-07
PA-854-LAC,Sorrel 2,17,138495.0,0.028911564625850338,3.7653921059203666e-05,2.24406467169118e-08
PE-413-DUC,Sorrel 2,54,402720.0,0.09183673469387754,0.0005233865856411184,2.918363640865281e-08
PE-243-CAA,Sorrel 0,98,70260.0,0.16666666666666666,0.0038040336845593116,5.2553907137059896e-05
PA-406-FOD,Sorrel 0,124,200595.0,0.21088435374149658,0.006810194842151662,0.0003054589365187176
PE-326-VEL,Sorrel 1,93,269460.0,0.15816326530612243,0.0013316917156794069,2.6617957112997896e-05
PE-017-DED,Menard 1,39,518580.0,0.0663265306122449,5.567049953494011e-05,0.0001491887860474192
PA-675-AUM,Sorrel 1,16,101505.0,0.027210884353741496,3.162435909629232e-05,1.4789936947226595e-07
PA-508-DJG,Sorrel 0,65,908595.0,0.11054421768707483,0.0007844137091706963,2.302457440810054e-06
PE-109-WRA,Menard 2,117,448110.0,0.1989795918367347,0.002912897453327499,7.385809562385205e-05
PE-222-ROB,Sorrel 0,127,378450.0,0.21598639455782312,0.0034618259333610794,0.0001342093957729887
PA-280-OUY,Menard 2,65,917100.0,0.11054421768707483,0.0011295044727446806,2.1111944707895896e-06
PE-527-VER,Other,90,206520.0,0.15306122448979592,0.0017975829030393966,0.00011419946468078775
PE-044-SAC,Menard 1,80,166395.0,0.13605442176870747,0.004368798258423527,1.1212401113486863e-06
PA-868-LEJ,Sorrel 2,38,868440.0,0.06462585034013606,0.00038704137882464,1.1142030546847031e-07
PA-290-LEM,Menard 2,16,117870.0,0.027210884353741496,3.777141355636616e-05,3.3235876019626784e-06
PA-651-CUM,Sorrel 1,119,3391770.0,0.20238095238095238,0.002039121551017039,0.0005181758605604348
PA-403-HOE,Sorrel 0,170,1152645.0,0.2891156462585034,0.008864410703490644,0.0001816553295875549
PA-509-DED,Sorrel 0,59,636435.0,0.10034013605442177,0.00034759025809781016,3.3679732692851406e-06
PA-841-ALH,Sorrel 2,39,767265.0,0.0663265306122449,0.00020124006840732081,2.0528087701660966e-07
PA-476-ABT,Sorrel 0,32,137235.0,0.05442176870748299,7.358057001617822e-05,1.8196647375831847e-07
PA-227-SZP,Menard 2,46,205110.0,0.0782312925170068,0.0003816842515421312,0.00017146831646180322
PA-006-DEC,Menard 1,96,11839815.0,0.16326530612244897,0.0014786984758520777,0.2887864278972139
PE-521-ELS,Other,126,333735.0,0.21428571428571427,0.006513818845132375,0.00023837672758683865
PA-427-BUM,Sorrel 0,114,168870.0,0.19387755102040816,0.002221953883918803,0.00020117113383263246
PE-124-LES,Menard 2,139,483480.0,0.23639455782312924,0.0046005605308684664,7.766283026738688e-05
PE-429-HEG,Sorrel 2,41,560475.0,0.06972789115646258,0.00035152111499727633,3.965746791177267e-08
PE-664-QUE,Other,5,1515.0,0.008503401360544217,3.0622615816613745e-06,1.2678622613417876e-09
PE-616-MEF,Other,9,11370.0,0.015306122448979591,1.6159791872651707e-06,3.3299364557389326e-08
PE-007-CRP,Menard 1,90,228315.0,0.15306122448979592,0.0018955397151751993,0.0017822343181776044
PE-216-GIS,Sorrel 0,102,185430.0,0.17346938775510204,0.0035120958992262267,1.9374389331289595e-06
PE-308-LOC,Sorrel 1,67,184140.0,0.11394557823129252,0.0007662883069611878,3.5691308909732166e-06
PA-670-CLP,Sorrel 1,21,738165.0,0.03571428571428571,4.228018176924118e-05,3.0756281650304327e-07
PE-702-HEA,Other,210,422385.0,0.35714285714285715,0.020932370258134422,0.00015411100370785595
PA-258-DAJ,Menard 2,35,339795.0,0.05952380952380952,0.0002631815965187841,9.780733546691736e-08
PA-660-COA,Sorrel 1,38,1003275.0,0.06462585034013606,0.00014818271264613537,2.9077283225436478e-05
PE-646-DEC,Other,169,449760.0,0.28741496598639454,0.01443237641887746,0.00015103660187644992
PA-274-RUE,Menard 2,59,814995.0,0.10034013605442177,0.0007854870439570622,4.963637642480321e-07
PE-331-MAM,Sorrel 1,41,173550.0,0.06972789115646258,0.0002516136157041271,1.391223043972717e-06
PE-223-MOS,Sorrel 0,79,233085.0,0.13435374149659862,0.0027934193762258973,2.056549321449869e-06
PA-236-ANB,Menard 2,98,1578900.0,0.16666666666666666,0.002845210990476881,1.0326203024403617e-05
PA-495-RIP,Sorrel 0,38,142260.0,0.06462585034013606,0.00015131470427053154,3.476013882365555e-08
PE-714-LAP,Other,90,104505.0,0.15306122448979592,0.004261318832471058,1.4432697961656027e-06
PA-256-CHC,Menard 2,43,755265.0,0.07312925170068027,0.00020302642722499364,1.581572501698477e-05
PE-121-JOS,Menard 2,48,288060.0,0.08163265306122448,0.00012709236111603856,6.366513154194675e-07
PE-151-LER,Menard 2,96,239910.0,0.16326530612244897,0.0015345348070944145,1.6638837443733526e-05
PA-090-JBA,Menard 1,31,556485.0,0.052721088435374146,0.00028253748519870345,0.013678315073587272
PE-314-DEP,Sorrel 1,64,241995.0,0.10884353741496598,0.0007725924715657085,1.4695454974856264e-05
PE-115-CAP,Menard 2,67,274185.0,0.11394557823129252,0.00032249367599304705,5.639866760733063e-07
PE-038-BEC,Menard 1,114,250830.0,0.19387755102040816,0.0017604411530780682,0.00023988216162354885
PA-072-COC,Menard 1,64,1126935.0,0.10884353741496598,0.00047025777483543043,6.480550008340456e-05
PE-139-BOC,Menard 2,76,323070.0,0.1292517006802721,0.0015679925856667916,4.6514622166866905e-07
PA-266-YAD,Menard 2,55,1760055.0,0.09353741496598639,0.00032545118067525924,1.3069502546900253e-06
PA-086-COF,Menard 1,54,1410345.0,0.09183673469387754,0.0008320008947363543,0.00099739482119748
PE-252-VAP,Sorrel 0,70,155430.0,0.11904761904761904,0.001143128917325785,0.0002906080225736913
PE-025-LEC,Menard 1,94,260595.0,0.15986394557823128,0.0011320931504750905,0.0008039366380515869
PA-223-GAA,Menard 2,30,495435.0,0.05102040816326531,0.0002358153318600062,7.305792493964396e-06
PA-284-SIC,Menard 2,40,47355.0,0.06802721088435373,0.0005262395688910155,1.6218763112287947e-07
PE-113-BLC,Menard 2,63,790800.0,0.10714285714285714,0.00045927923552469815,1.199689644240864e-06
PA-462-LIC,Sorrel 0,40,70650.0,0.06802721088435373,0.00021184043968524037,4.694002856411535e-07
PA-019-SOO,Menard 1,92,897885.0,0.1564625850340136,0.0017567136374827992,4.220854556370512e-05
PA-063-SOP,Menard 1,76,4272105.0,0.1292517006802721,0.0006005586032273,0.00044064315332665834
PE-658-ABG,Other,3,300.0,0.00510204081632653,0.0,2.8326334194040957e-09
PA-610-JAL,Sorrel 1,50,1107000.0,0.08503401360544217,0.0003537625496096776,3.463645881708758e-05
PA-680-HAM,Sorrel 1,47,458415.0,0.07993197278911564,0.0004544226436127271,1.5381730962646774e-06
PE-617-MEK,Other,193,522270.0,0.3282312925170068,0.021080320623210677,0.00018624952413922417
PE-346-RUM,Sorrel 1,42,189525.0,0.07142857142857142,0.00019016391387661024,3.0742845617421454e-06
PA-847-GAL,Sorrel 2,40,1631460.0,0.06802721088435373,0.0005774210828445784,2.397338355370376e-07
PE-032-RUI,Menard 1,88,212850.0,0.14965986394557823,0.0006545256652414551,0.0005272206457228368
PA-447-BET,Sorrel 0,51,72180.0,0.08673469387755102,0.0003320305829489118,5.476285814288101e-07
PE-317-JUF,Sorrel 1,96,321945.0,0.16326530612244897,0.00299325536376296,5.063269917293937e-06
PE-407-VIG,Sorrel 2,93,454590.0,0.15816326530612243,0.0025031884301923582,5.457185602682309e-07
PA-866-AUL,Sorrel 2,59,1539750.0,0.10034013605442177,0.0017837468487307568,4.946743990353791e-07
PE-307-LIV,Sorrel 1,46,196920.0,0.0782312925170068,0.0004020278984973297,2.430399673358165e-06
PE-552-COJ,Other,74,284160.0,0.12585034013605442,0.001815286540108833,1.5584391749990207e-06
PA-892-RIJ,Sorrel 2,17,23310.0,0.028911564625850338,8.362884296160709e-05,3.9013026044572364e-08
PA-515-BEA,Sorrel 0,4,11460.0,0.006802721088435374,2.8094880749403714e-06,1.6563173952781708e-10
PE-619-TAT,Other,46,132975.0,0.0782312925170068,0.00034987048443662185,2.509144625865261e-06
PE-132-SES,Menard 2,178,446715.0,0.30272108843537415,0.009659064429730399,6.242674378250628e-05
PA-611-BEM,Sorrel 1,124,2483955.0,0.21088435374149658,0.0018992137406345932,0.0005198067675481377
PA-241-SER,Menard 2,128,1592190.0,0.21768707482993196,0.005375189564897241,2.213942362131922e-05
PE-647-LIC,Other,66,13290.0,0.11224489795918367,0.002655139012691243,2.496782891506038e-06
PE-613-LEN,Other,86,412935.0,0.14625850340136054,0.0038099586960916466,1.4339337843399396e-06
PA-679-NYA,Sorrel 1,28,86130.0,0.047619047619047616,0.0001552690669655959,4.3153883652478156e-07
PE-002-MOB,Menard 1,4,510.0,0.006802721088435374,1.609632196898586e-06,9.737453648705455e-09
PA-259-CHA,Menard 2,72,185550.0,0.12244897959183673,0.0012200889185116873,2.738675369434168e-06
PE-209-AUV,Sorrel 0,91,155460.0,0.15476190476190477,0.0010167495526836254,6.985822980939641e-05
PE-215-DUJ,Sorrel 0,103,298185.0,0.17517006802721088,0.002636459959726011,7.388902038841458e-07
PA-666-CHD,Sorrel 1,20,630165.0,0.03401360544217687,5.255216277600953e-05,4.603899674926615e-06
PE-220-MOS,Sorrel 0,101,239235.0,0.1717687074829932,0.0020077517130325765,7.45681271703177e-07
PA-210-EVG,Menard 2,80,1819335.0,0.13605442176870747,0.001890558638238441,2.8567841708792484e-05
PA-858-PLL,Sorrel 2,41,454545.0,0.06972789115646258,0.00036727539115827767,6.560046563414703e-07
PA-491-GAS,Sorrel 0,64,600045.0,0.10884353741496598,0.0006660064092585157,5.637516800312466e-06
PA-429-FAL,Sorrel 0,97,206865.0,0.1649659863945578,0.0019765426304826574,0.00015985684907304635
PA-053-CHK,Menard 1,110,313770.0,0.18707482993197277,0.0016844376900114412,0.00040134132342852516
PA-413-CAC,Sorrel 0,71,446985.0,0.12074829931972789,0.0015454362744259595,5.951564803368474e-06
PA-443-COB,Sorrel 0,71,114330.0,0.12074829931972789,0.0007410280095625089,0.0002034688829921714
PE-127-MIA,Menard 2,66,319800.0,0.11224489795918367,0.0002428335619667808,9.997792403005061e-07
PE-219-MAS,Sorrel 0,104,172080.0,0.17687074829931973,0.004474916007930801,0.0001038863270750439
PE-700-CAM,Other,160,492360.0,0.27210884353741494,0.013184224939423967,2.5355250054857703e-05
PE-250-WAA,Sorrel 0,21,28920.0,0.03571428571428571,6.723377160903971e-05,1.3632285074539067e-07
PA-888-JOM,Sorrel 2,31,892890.0,0.052721088435374146,0.00026928514513805296,8.987282165559491e-08
PA-471-WOC,Sorrel 0,64,46365.0,0.10884353741496598,0.0005125447492849454,2.3509197959806287e-05
PE-718-DAP,Other,9,2355.0,0.015306122448979591,2.464284444500123e-05,3.702183619347725e-05
PE-418-HEC,Sorrel 2,70,394140.0,0.11904761904761904,0.0012701612727184087,8.433423481093195e-08
PE-224-PLA,Sorrel 0,102,479670.0,0.17346938775510204,0.0031015004304116287,1.2207469176483796e-06
PA-639-BAP,Sorrel 1,93,469740.0,0.15816326530612243,0.0006790779978210264,0.0005680034131440438
PE-602-GAI,Other,86,144960.0,0.14625850340136054,0.0056564216516325734,3.483517518245887e-05
PE-116-COP,Menard 2,52,671895.0,0.08843537414965986,0.00014286697502422096,7.732676055621774e-07
PE-345-DEA,Sorrel 1,45,94080.0,0.07653061224489796,0.00031281360794449374,8.223859909615026e-07
PA-643-CHA,Sorrel 1,70,3617565.0,0.11904761904761904,0.001726595244585364,6.92432099506259e-05
PA-688-TOA,Sorrel 1,60,271455.0,0.10204081632653061,0.001540956148073709,3.3904879783190445e-06
PA-298-PRM,Menard 2,11,248400.0,0.01870748299319728,2.4777749359659523e-05,4.0823080488378915e-08
PE-212-BOM,Sorrel 0,81,115170.0,0.1377551020408163,0.001189413527462707,9.950117565989193e-07
PE-551-DUP,Other,58,124425.0,0.09863945578231292,0.0009472298427664304,9.352686594144349e-07
PE-128-SAZ,Menard 2,82,293175.0,0.13945578231292516,0.0008368916457192325,5.167965609740945e-07
PA-873-BER,Sorrel 2,18,248115.0,0.030612244897959183,0.00013020364796440383,1.195027249773951e-07
PE-402-BOS,Sorrel 2,65,487125.0,0.11054421768707483,0.0007542601161329348,1.611731346975417e-07
PE-129-VEV,Menard 2,84,424530.0,0.14285714285714285,0.0008725492347739315,8.607448542133195e-07
PE-141-BEC,Menard 2,40,22905.0,0.06802721088435373,0.00016747528764902948,7.42426372169421e-05
PA-027-TSN,Menard 1,24,7200.0,0.04081632653061224,5.2509460890631895e-05,6.343031305905074e-05
PE-632-HAL,Other,43,21150.0,0.07312925170068027,0.0012988123982662948,2.2116508728299813e-07
PE-716-HOA,Other,30,5760.0,0.05102040816326531,0.00019893736078970483,3.638665476293321e-06
PE-020-DED,Menard 1,77,185505.0,0.13095238095238096,0.00048303127716565054,0.0006473005476259209
PA-883-LOM,Sorrel 2,37,1058790.0,0.06292517006802721,0.000893178455502865,4.060197601446765e-05
PA-076-LAG,Menard 1,53,1031430.0,0.09013605442176871,0.0002997111527447915,6.609539022568993e-05
PA-444-BRC,Sorrel 0,127,194670.0,0.21598639455782312,0.0029487367518239447,0.0003346475588652574
PA-008-SLP,Menard 1,151,16267500.0,0.2568027210884354,0.003499920146602473,0.4083616717804598
PE-523-AUD,Other,93,452880.0,0.15816326530612243,0.003873246729967798,7.120445741158841e-06
PE-238-DEA,Sorrel 0,26,70695.0,0.04421768707482993,1.593731387676037e-05,2.4532743658128457e-07
PA-507-ROS,Sorrel 0,68,594795.0,0.11564625850340135,0.0006564152081959282,4.005734865996335e-06
PA-837-VAD,Sorrel 2,93,1409625.0,0.15816326530612243,0.004291378022438764,9.248309063776405e-07
PA-879-PIA,Sorrel 2,78,1406490.0,0.1326530612244898,0.0025919455694706473,2.6382947881703425e-06
PA-216-COE,Menard 2,85,3096345.0,0.1445578231292517,0.002545029398150341,1.939996334641026e-06
PA-684-MOE,Sorrel 1,27,1053660.0,0.04591836734693877,0.00015868041461327643,2.0158773062573065e-05
PE-706-PAH,Other,80,117300.0,0.13605442176870747,0.0013267341412282279,0.000210940409285415
PA-204-BEP,Menard 2,177,1532595.0,0.3010204081632653,0.009324835705416068,0.007818721559415667
PA-620-LAC,Sorrel 1,14,15240.0,0.023809523809523808,5.7510968360578945e-06,4.798885126314373e-07
PA-242-PAY,Menard 2,80,494985.0,0.13605442176870747,0.0011355933788386723,0.00044160461013780466
PA-608-ALH,Sorrel 1,119,3029280.0,0.20238095238095238,0.0031547766505788627,0.000885750610154672
PA-475-SES,Sorrel 0,27,178455.0,0.04591836734693877,0.00010807137032507859,2.605306422321737e-06
PE-253-MAA,Sorrel 0,90,196755.0,0.15306122448979592,0.0036490141376044685,6.875446133392339e-07
PA-831-BOJ,Sorrel 2,33,371145.0,0.05612244897959184,0.0003189722224466274,2.1458324013331553e-07
PA-248-TEN,Menard 2,31,8355.0,0.052721088435374146,7.061437098575194e-05,1.0898455063850154e-07
PA-428-LAL,Sorrel 0,132,315255.0,0.22448979591836735,0.002923727368056183,0.0002942186428281158
PA-012-LEN,Menard 1,141,4400265.0,0.23979591836734693,0.003047862795291148,0.043323596336721934
PE-028-LEM,Menard 1,83,161430.0,0.141156462585034,0.0006918754215828265,0.0006018656764468186
PE-635-FRM,Other,18,9300.0,0.030612244897959183,9.214315712563412e-05,5.515334850751856e-09
PA-472-LES,Sorrel 0,49,307050.0,0.08333333333333333,0.0002680566152488302,9.794175944987516e-07
PA-689-MAS,Sorrel 1,5,5370.0,0.008503401360544217,2.1863110446154338e-06,1.393417603074654e-08
PA-506-DUE,Sorrel 0,35,182745.0,0.05952380952380952,0.00032334688034127277,1.4688994042018177e-07
PA-007-SIM,Menard 1,120,12611655.0,0.20408163265306123,0.0016987877727174337,0.3102646937232506
PA-062-SAM,Menard 1,67,1179150.0,0.11394557823129252,0.0011487582496114612,1.809844389170715e-05
PA-913-CLJ,Sorrel 2,3,93435.0,0.00510204081632653,0.0,7.572541148745649e-11
PE-001-DEM,Menard 1,291,366720.0,0.49489795918367346,0.055764810455082026,0.0006221833932767935
PA-051-AKN,Menard 1,134,3262845.0,0.22789115646258504,0.0018530442700539146,0.00032590229918545054
PE-705-POR,Other,62,147900.0,0.10544217687074829,0.000691530053450526,1.580535346933236e-05
PE-642-COR,Other,4,1140.0,0.006802721088435374,3.326154330453562e-06,3.1265879601500934e-08
PE-206-SEJ,Sorrel 0,82,216990.0,0.13945578231292516,0.0012132900073904052,1.301676532733667e-06
PA-654-GUM,Sorrel 1,32,258495.0,0.05442176870748299,0.0001705167008842537,7.415454970253143e-06
PA-687-LEA,Sorrel 1,34,405360.0,0.057823129251700675,0.0002167788821653346,1.04015353607765e-06
PA-201-TAJ,Menard 2,63,3956310.0,0.10714285714285714,0.0008217421213700279,2.14903883926914e-06
PE-503-GOC,Other,85,179655.0,0.1445578231292517,0.0013623664075382367,0.0006333633220461197
PA-914-LAH,Sorrel 2,6,245475.0,0.01020408163265306,3.286240154313638e-05,3.410638186058794e-09
PA-665-AME,Sorrel 1,32,2392860.0,0.05442176870748299,8.707091917984954e-05,8.427566931999262e-05
PA-464-MAM,Sorrel 0,44,876180.0,0.07482993197278912,0.00018285174444748642,1.789833163663278e-05
PE-643-DOE,Other,3,660.0,0.00510204081632653,5.930681588963118e-07,4.488788772433114e-09
PA-865-UZE,Sorrel 2,57,70530.0,0.09693877551020408,0.0011024630662932408,2.1124599080817454e-07
PA-269-BOM,Menard 2,79,358890.0,0.13435374149659862,0.0016318139363136802,2.8992921569104717e-06
PE-415-GOM,Sorrel 2,53,131220.0,0.09013605442176871,0.00047695322143288815,3.5855519813833235e-08
PE-554-LES,Other,59,92565.0,0.10034013605442177,0.001065592729013837,1.3262017717000681e-06
PA-678-MAM,Sorrel 1,14,76545.0,0.023809523809523808,2.639291218218027e-05,6.428261810931567e-07
PE-610-DEJ,Other,86,270690.0,0.14625850340136054,0.002764025384768273,1.3191509961536532e-06
PE-406-PRD,Sorrel 2,78,533475.0,0.1326530612244898,0.0017890395672673124,4.505246580009914e-08
PE-008-KOJ,Menard 1,92,258705.0,0.1564625850340136,0.0013072894870696456,0.0020403235271604005
PE-226-WAS,Sorrel 0,125,184215.0,0.21258503401360543,0.003720606452138121,0.00011132399684357113
PE-609-BOO,Other,58,425730.0,0.09863945578231292,0.001405765203208149,2.1955133132548497e-06
PE-547-HAC,Other,85,222105.0,0.1445578231292517,0.0016415480932252945,1.5032208117501188e-05
PE-203-DEK,Sorrel 0,81,394605.0,0.1377551020408163,0.0017093773704991782,1.868422537198759e-06
PE-410-COA,Sorrel 2,69,310695.0,0.1173469387755102,0.0015412919422822962,1.0312022268941021e-07
PE-112-BET,Menard 2,58,284385.0,0.09863945578231292,0.000839053756882549,6.127661223362868e-07
PE-548-DAP,Other,36,24780.0,0.061224489795918366,0.0004803419756290881,2.3791699649896117e-05
PA-066-DEG,Menard 1,56,4639275.0,0.09523809523809523,0.00037316197731209735,0.0828266517672476
PA-836-WIN,Sorrel 2,40,452085.0,0.06802721088435373,0.0004943929330102143,1.9329591850162716e-07
PE-624-RIA,Other,2,44220.0,0.003401360544217687,0.0,6.971195171003047e-07
PE-103-BEM,Menard 2,48,42135.0,0.08163265306122448,0.0007400404651111221,2.3441624899776442e-07
PA-502-MOC,Sorrel 0,27,237465.0,0.04591836734693877,0.00015121764964849598,3.1494866446721387e-07
PA-512-GEP,Sorrel 0,11,6150.0,0.01870748299319728,3.435587395594367e-05,3.5798415900092232e-09
PA-647-PIJ,Sorrel 1,119,1355655.0,0.20238095238095238,0.002682912599452325,0.0006762553987218701
PA-003-MEG,Menard 1,111,5900760.0,0.18877551020408162,0.0013682263343685927,0.1480548716866582
PE-524-GOJ,Other,99,444360.0,0.1683673469387755,0.0035854595093918473,0.00012607260099033255
PE-420-LES,Sorrel 2,93,657870.0,0.15816326530612243,0.0026660297093170035,9.339958293925297e-07
PA-054-KAY,Menard 1,151,1803750.0,0.2568027210884354,0.003872693306771395,0.00017174187901506513
PE-555-HAJ,Other,103,242025.0,0.17517006802721088,0.002900051347654162,3.1405716152286706e-06
PA-624-DEE,Sorrel 1,129,2375910.0,0.2193877551020408,0.004431014211866649,0.00036871631276195446
PA-031-RAN,Menard 1,128,132270.0,0.21768707482993196,0.0038060208558721035,0.0005335593374059848
PE-648-EDM,Other,122,132375.0,0.2074829931972789,0.006291422148235002,6.383530342616795e-05
PE-652-JAA,Other,56,102420.0,0.09523809523809523,0.0006890558896287411,4.992234516652825e-05
PA-448-PIM,Sorrel 0,48,193155.0,0.08163265306122448,0.0005659155256556037,4.199086212861567e-06
PE-612-GEO,Other,110,260760.0,0.18707482993197277,0.0037300242019384817,1.179954377811692e-05
PA-079-BAP,Menard 1,33,172545.0,0.05612244897959184,0.0003238681223609965,1.47973222545973e-05
PE-302-LEC,Sorrel 1,112,108885.0,0.19047619047619047,0.0038251114054001396,0.00018042052379977218
PE-237-MEA,Sorrel 0,80,110085.0,0.13605442176870747,0.0007807799901994362,0.00010084014213287637
PE-556-LEJ,Other,69,244170.0,0.1173469387755102,0.0013572279360100758,6.578629459209133e-05
PA-619-HEC,Sorrel 1,197,1733010.0,0.33503401360544216,0.015373882957365395,0.0003679114445514105
PA-291-DEH,Menard 2,28,13455.0,0.047619047619047616,0.0002713981302837998,3.353195397778387e-05
PE-058-LEV,Menard 1,13,54960.0,0.022108843537414966,2.167199285852426e-06,1.0488286302765897e-05
PA-041-DOF,Menard 1,40,553125.0,0.06802721088435373,0.0001258351048310564,7.351426132653467e-05
PA-467-SIR,Sorrel 0,66,551145.0,0.11224489795918367,0.0007953530093992303,0.00014297174348206846
PA-478-LUB,Sorrel 0,57,213255.0,0.09693877551020408,0.00044253431072653295,8.275536259790082e-05
PA-878-PRR,Sorrel 2,28,792360.0,0.047619047619047616,0.00022820143429893745,1.084822922965489e-06
PA-021-DAJ,Menard 1,144,1474560.0,0.24489795918367346,0.0031704430998203527,0.003800946650333889
PE-006-BUK,Menard 1,106,369600.0,0.18027210884353742,0.0019495095040443855,0.0014286866386966444
PA-505-VAC,Sorrel 0,7,4800.0,0.011904761904761904,1.0157730477675675e-05,6.624491171048262e-10
PA-632-MOR,Sorrel 1,121,1937730.0,0.20578231292517005,0.002355981167046031,0.0008648458031804175
PA-257-DRF,Menard 2,119,3990750.0,0.20238095238095238,0.005597719922968647,5.7969690832575695e-05
PA-628-CAS,Sorrel 1,163,1776975.0,0.27721088435374147,0.00921049156595311,5.321161570190002e-05
PA-416-SEA,Sorrel 0,51,387855.0,0.08673469387755102,0.0006784431006330847,4.6629677633508285e-06
PA-255-COB,Menard 2,25,46020.0,0.04251700680272109,4.420216696293235e-05,5.432741525457443e-07
PA-487-PAA,Sorrel 0,11,140730.0,0.01870748299319728,2.289065997154889e-05,2.0314719045107312e-07
PA-207-BLB,Menard 2,97,2476170.0,0.1649659863945578,0.0024700590360971285,2.1606934367403456e-06
PE-123-LEE,Menard 2,87,717255.0,0.14795918367346939,0.0011615678623717548,9.117549019949826e-06
PE-108-DUV,Menard 2,105,852165.0,0.17857142857142858,0.003435404076446044,1.3709033417048678e-06
PE-549-BOJ,Other,125,364815.0,0.21258503401360543,0.010213132569476402,5.744687883113227e-05
PE-015-DAP,Menard 1,76,162390.0,0.1292517006802721,0.001597353588440156,1.609303844224653e-05
PE-221-REL,Sorrel 0,76,290310.0,0.1292517006802721,0.0010317426421142556,4.6641802374279685e-07
PA-046-DIS,Menard 1,135,13741560.0,0.22959183673469388,0.0024899663281575243,0.34862284046307596
PA-646-BON,Sorrel 1,78,196185.0,0.1326530612244898,0.0005863862553337568,8.518684124362243e-05
PA-018-TOZ,Menard 1,108,601455.0,0.18367346938775508,0.0023663285586135474,0.0004421778256551445
PA-664-TAG,Sorrel 1,37,1900080.0,0.06292517006802721,0.0001891424527907472,2.4458836213768672e-05
PA-844-DUS,Sorrel 2,37,39450.0,0.06292517006802721,0.0001515063567104754,6.049589190283819e-07
PE-708-SIJ,Other,12,2820.0,0.02040816326530612,5.706189782317059e-06,3.9736834801803426e-08
PA-832-DUH,Sorrel 2,29,6030.0,0.04931972789115646,5.560188563497491e-05,7.433616863141831e-08
PE-110-BOS,Menard 2,77,795135.0,0.13095238095238096,0.0007546323126013174,1.181798822867485e-06
PA-853-PLP,Sorrel 2,71,2334540.0,0.12074829931972789,0.0019284737609210278,4.7343016094179436e-07
PA-249-DOT,Menard 2,98,753630.0,0.16666666666666666,0.0020743397074572453,1.289936071692089e-06
PE-615-MAF,Other,62,404850.0,0.10544217687074829,0.0014667353334863267,1.3975272567601332e-05
PA-862-KUF,Sorrel 2,8,158130.0,0.013605442176870748,3.8086539359515483e-06,3.459935684645612e-08
PA-513-GUF,Sorrel 0,26,24855.0,0.04421768707482993,1.9938996831441753e-05,3.372738420615173e-08
PA-004-MAA,Menard 1,127,16075305.0,0.21598639455782312,0.0016274140126037433,0.3598708167398817
PE-039-CAJ,Menard 1,75,112140.0,0.12755102040816327,0.0006214026480591772,8.048085886973488e-05
PA-061-HAZ,Menard 1,63,951015.0,0.10714285714285714,0.000561359749500753,2.2912940767536982e-05
PA-600-CAJ,Sorrel 1,117,1465245.0,0.1989795918367347,0.0022933833991633595,0.00038204064514742457
PE-104-CAM,Menard 2,89,511425.0,0.15136054421768708,0.0008810832481336102,1.0660426724228471e-06
PA-486-VIM,Sorrel 0,54,224370.0,0.09183673469387754,0.0008837129849986174,1.3715115329816526e-06
PA-488-RAS,Sorrel 0,33,181140.0,0.05612244897959184,8.332502033929234e-05,2.006261187776875e-06
PA-682-BON,Sorrel 1,59,1175190.0,0.10034013605442177,0.0013652269034913516,9.939089833956025e-06
PA-250-BOM,Menard 2,34,252300.0,0.057823129251700675,0.0001487474138721743,1.196775806410424e-07
PA-655-BOC,Sorrel 1,18,7890.0,0.030612244897959183,2.1651512064633825e-05,5.700442090857625e-08
PE-036-QUS,Menard 1,54,54570.0,0.09183673469387754,0.0004905648509394621,2.1548315516818768e-05
PE-631-DOS,Other,8,915.0,0.013605442176870748,8.535034519033027e-05,1.068381736360149e-08
PE-709-DEA,Other,19,11535.0,0.03231292517006803,0.0002466876525433713,2.0878101749661868e-07
PA-245-NOG,Menard 2,130,3008580.0,0.22108843537414966,0.005272514991947171,0.0004738237320711213
PE-441-GRJ,Sorrel 2,47,99420.0,0.07993197278911564,0.0003548282026313049,1.6764604466356834e-08
PE-016-DEV,Menard 1,72,98430.0,0.12244897959183673,0.0004374900163586333,2.321839037132436e-05
PE-628-LYC,Other,7,6450.0,0.011904761904761904,2.814730040122266e-05,2.3708833481668952e-08
PE-031-PEC,Menard 1,80,327870.0,0.13605442176870747,0.0007521169999918808,0.0016697896564570789
PE-004-BOJ,Menard 1,151,470790.0,0.2568027210884354,0.0059896762753857856,0.002078263676173135
PE-713-FRE,Other,2,390.0,0.003401360544217687,0.0,2.222543082932392e-09
PE-023-HEC,Menard 1,99,163410.0,0.1683673469387755,0.0008430816121392312,0.0007813665554953098
PA-889-BRG,Sorrel 2,20,207090.0,0.03401360544217687,0.00021649501869149392,1.6262540780089666e-07
PE-626-AGS,Other,112,134340.0,0.19047619047619047,0.0043587585973425295,0.0001229083104301786
PE-544-LEB,Other,52,134715.0,0.08843537414965986,0.0004802990158083161,5.078013959991332e-07
PE-322-NOA,Sorrel 1,96,166665.0,0.16326530612244897,0.0017845975734509568,6.171008773185174e-05
PE-507-BRP,Other,79,172785.0,0.13435374149659862,0.0015358026405243078,0.0011900329961106024
PE-425-ROM,Sorrel 2,16,5505.0,0.027210884353741496,8.542839918454276e-06,2.9860374582953127e-10
PA-001-LAM,Menard 1,87,4399095.0,0.14795918367346939,0.0010832557461264995,0.10745605383612068
PA-809-GAJ,Sorrel 2,31,1604370.0,0.052721088435374146,0.00023875973489566186,8.001967861411335e-08
PE-114-CAM,Menard 2,82,609870.0,0.13945578231292516,0.0013699807186710418,1.8766025775048914e-06
PA-605-LED,Sorrel 1,164,2435310.0,0.2789115646258503,0.008992226924727878,0.0003074937571739187
PA-030-DJM,Menard 1,178,2276835.0,0.30272108843537415,0.007816179378520879,0.000130731116694629
PE-009-LEB,Menard 1,118,280770.0,0.20068027210884354,0.001567068976216214,0.0014513297883764445
PA-830-QUM,Sorrel 2,95,247830.0,0.16156462585034012,0.003391077996710572,1.5164392234600355e-06
PA-885-LAR,Sorrel 2,11,167760.0,0.01870748299319728,7.2628863003226656e-06,3.8236569011096626e-08
PA-025-AIA,Menard 1,211,5147145.0,0.358843537414966,0.011934592113988196,0.0009679263654966851
PE-247-DUS,Sorrel 0,78,161085.0,0.1326530612244898,0.0020023368038509914,1.2952358620271944e-06
PA-228-MAP,Menard 2,58,624630.0,0.09863945578231292,0.0010470967596144167,1.2740075015630035e-06
PE-211-BOS,Sorrel 0,92,231270.0,0.1564625850340136,0.002008947109361967,5.115890841400588e-07
PE-208-VAE,Sorrel 0,152,513720.0,0.2585034013605442,0.006669130631277557,2.7400910385935708e-06
PE-135-BAJ,Menard 2,91,223665.0,0.15476190476190477,0.002378686727477996,7.794657706167969e-06
PA-268-GOA,Menard 2,44,106620.0,0.07482993197278912,0.0003596684494281952,4.1410717747903866e-07
PE-131-MAL,Menard 2,44,240960.0,0.07482993197278912,0.0001284937208836816,3.6737697356749003e-07
PA-808-ROL,Sorrel 2,68,1642860.0,0.11564625850340135,0.0016457146106109899,1.1104473020028685e-06
PA-418-LOF,Sorrel 0,12,6750.0,0.02040816326530612,2.715351090779414e-06,1.8839357469232204e-07
PA-911-MOD,Sorrel 2,16,711450.0,0.027210884353741496,3.7857352921709424e-06,1.4233090543982002e-08
PA-874-VIA,Sorrel 2,25,720660.0,0.04251700680272109,7.041176181409195e-05,2.1347737254702584e-07
PA-663-COC,Sorrel 1,114,1247025.0,0.19387755102040816,0.005052548166714461,3.915203313508406e-05
PE-019-FOC,Menard 1,70,226425.0,0.11904761904761904,0.0002792521669936339,0.0002950945024239485
PA-493-CRE,Sorrel 0,28,104625.0,0.047619047619047616,0.00010181947685028115,4.7407113084852254e-07
PA-867-WEL,Sorrel 2,45,110910.0,0.07653061224489796,0.000876465051605499,5.9508651374093377e-08
PE-026-LES,Menard 1,45,123090.0,0.07653061224489796,0.00014406471538955088,0.0008920664303583464
PA-264-DUD,Menard 2,44,927120.0,0.07482993197278912,0.0002567021449402523,2.669276341538352e-07
PA-900-GAP,Sorrel 2,34,448290.0,0.057823129251700675,0.0002471139472744023,8.273606769440555e-08
PA-645-SAE,Sorrel 1,103,265110.0,0.17517006802721088,0.0015830798317670203,0.0002317367218091419
PE-021-HAS,Menard 1,82,529155.0,0.13945578231292516,0.0007242539673301887,0.0004523231594851894
PE-525-HEJ,Other,47,104475.0,0.07993197278911564,0.0005978413802937096,1.907587696199154e-06
PA-445-VIP,Sorrel 0,73,127335.0,0.12414965986394558,0.0007655177886406214,6.247012087064874e-05
PA-850-DUA,Sorrel 2,80,875025.0,0.13605442176870747,0.003320573420793999,6.790723793627229e-07
PA-877-MAV,Sorrel 2,53,1661310.0,0.09013605442176871,0.0009190463496680302,3.783724280420803e-07
PA-292-BAR,Menard 2,45,832905.0,0.07653061224489796,0.0004705615171903835,3.7223362403557915e-07
PA-871-CHS,Sorrel 2,39,904425.0,0.0663265306122449,0.00025603964094576256,3.5070919908430396e-08
PE-508-GOA,Other,91,167190.0,0.15476190476190477,0.0029046605807099913,0.00032539038138735453
PA-481-VAM,Sorrel 0,48,144315.0,0.08163265306122448,0.00031404192243516974,4.304423772750783e-05
PA-070-SAM,Menard 1,85,1369275.0,0.1445578231292517,0.002438481898076204,2.3028329884671453e-05
PA-275-ROF,Menard 2,23,889335.0,0.0391156462585034,0.00021819343193652015,2.7432446020746427e-07
PA-887-CAG,Sorrel 2,87,1103835.0,0.14795918367346939,0.004064877198909092,5.0331392650322285e-06
PA-014-BUL,Menard 1,151,927000.0,0.2568027210884354,0.003318332198270896,0.0005762058642971501
PA-270-COE,Menard 2,55,226005.0,0.09353741496598639,0.0003713115750730422,4.4012681455656937e-05
PA-880-FOA,Sorrel 2,29,1204035.0,0.04931972789115646,0.0001672189353758793,3.9309851203700845e-07
PE-604-PAM,Other,96,104565.0,0.16326530612244897,0.0031096656031756047,3.179574329678318e-05
PA-479-ZBV,Sorrel 0,88,820050.0,0.14965986394557823,0.0022678030827314693,4.963626421644309e-06
PE-605-RIA,Other,51,41070.0,0.08673469387755102,0.0008267007514567451,5.120649967720508e-07
PA-869-BRR,Sorrel 2,37,656055.0,0.06292517006802721,0.0001703451049132875,2.9389263020338357e-08
PA-449-DEE,Sorrel 0,146,239100.0,0.24829931972789115,0.0033650868071094285,0.0003210303394364234
PA-474-FOJ,Sorrel 0,83,795090.0,0.141156462585034,0.0013641404000769297,4.323256085486286e-06
PE-633-DEL,Other,9,15360.0,0.015306122448979591,5.161132305152947e-05,9.843030558784793e-08
PE-348-HYN,Sorrel 1,52,153960.0,0.08843537414965986,0.0014037680558792482,2.2422033229456533e-07
PE-204-FRO,Sorrel 0,81,251190.0,0.1377551020408163,0.0010550683075249959,3.799323008038564e-07
PA-401-DUM,Sorrel 0,46,135690.0,0.0782312925170068,7.116270346794524e-05,0.00015950822915052082
PE-059-LAM,Menard 1,49,49050.0,0.08333333333333333,0.00031513047770603955,8.507561422100933e-05
PA-686-NEF,Sorrel 1,13,189075.0,0.022108843537414966,1.6171205660630265e-05,1.283610712797287e-05
PA-071-SOA,Menard 1,110,1349865.0,0.18707482993197277,0.002386549303127722,0.00012511211906295533
PA-287-JEM,Menard 2,46,910560.0,0.0782312925170068,0.0004885016643907322,2.4051337870141403e-06
PA-906-ADR,Sorrel 2,17,313530.0,0.028911564625850338,0.0001575982662387763,1.0036042782354171e-08
PE-126-MIS,Menard 2,96,616605.0,0.16326530612244897,0.0021547811596312025,1.503354164098195e-06
PE-606-DEV,Other,90,671790.0,0.15306122448979592,0.002932764353883355,2.044526816066972e-06
PE-715-QUP,Other,11,4740.0,0.01870748299319728,1.43770287261817e-06,3.805060213424187e-08
PA-480-NIA,Sorrel 0,38,54390.0,0.06462585034013606,0.00024497740123852196,9.042505853222155e-08
PA-295-KWL,Menard 2,17,108645.0,0.028911564625850338,8.435328948104978e-05,1.0422488983748096e-07
PE-634-MUJ,Other,44,19905.0,0.07482993197278912,0.0012738054009221605,3.0466047420792722e-05
PA-011-REA,Menard 1,83,215940.0,0.141156462585034,0.0003643422234296328,0.001516801432866431
PE-411-DEN,Sorrel 2,61,463035.0,0.10374149659863945,0.0007448400900024794,4.057009242896735e-08
PA-022-PAB,Menard 1,135,2095905.0,0.22959183673469388,0.003058868025191362,0.0022094543014170693
PA-453-HAD,Sorrel 0,159,395340.0,0.2704081632653061,0.006609815246592244,0.0007901609668802404
PE-504-DEJ,Other,124,225480.0,0.21088435374149658,0.006840645696876521,0.0009182617811598756
PA-206-COG,Menard 2,122,459090.0,0.2074829931972789,0.00304885222338767,0.00014236170772452143
PE-506-GAA,Other,70,128430.0,0.11904761904761904,0.0007605378552127958,0.0006213755391183921
PA-083-BEP,Menard 1,47,585525.0,0.07993197278911564,9.313877113192463e-05,0.0032649155017202064
PE-545-BIF,Other,33,310590.0,0.05612244897959184,0.0001808860399866975,1.564493524127319e-06
PA-026-SEA,Menard 1,86,4702350.0,0.14625850340136054,0.0007980263386743044,0.0030106708220248566
PE-341-HAC,Sorrel 1,105,307860.0,0.17857142857142858,0.0029033779808223534,9.07254725725238e-05
PE-657-DAM,Other,16,5970.0,0.027210884353741496,0.00011958052903881234,1.4679264028763212e-08
PA-674-BEO,Sorrel 1,49,387735.0,0.08333333333333333,0.0005892780085434858,1.5615753174018726e-05
PA-617-AVJ,Sorrel 1,73,426615.0,0.12414965986394558,0.00031879894782030344,7.10880420699646e-05
PA-829-LAM,Sorrel 2,37,13380.0,0.06292517006802721,0.0002461305966396092,3.9821245559870716e-07
PA-603-GEC,Sorrel 1,117,2594415.0,0.1989795918367347,0.0028326499581493433,0.00014977977667187905
PE-543-LAD,Other,68,328110.0,0.11564625850340135,0.0011996554073429957,1.4574984200656239e-06
PA-484-THH,Sorrel 0,46,63480.0,0.0782312925170068,0.0002619421831617727,3.509861054855398e-07
PE-329-LAJ,Sorrel 1,74,359550.0,0.12585034013605442,0.0015743801891205,5.989041080690649e-06
PA-894-WIM,Sorrel 2,25,687585.0,0.04251700680272109,3.5766261126802455e-05,6.537288393476023e-08
PA-856-MOM,Sorrel 2,26,76200.0,0.04421768707482993,9.546054691287299e-05,2.8706458485756884e-08
PE-707-PAJ,Other,10,38235.0,0.017006802721088433,1.7531318898335658e-05,6.341983508371897e-07
PA-202-ALK,Menard 2,98,5272020.0,0.16666666666666666,0.002999758862158811,2.3250686133985137e-06
PA-468-ALM,Sorrel 0,32,602445.0,0.05442176870748299,7.936796229390445e-05,1.2487503805143853e-06
PA-642-LAP,Sorrel 1,120,2722455.0,0.20408163265306123,0.0025816397918903763,0.0003878655294663105
PE-502-BRS,Other,57,135690.0,0.09693877551020408,0.0002698307513736531,0.001222018063349589
PA-668-KAU,Sorrel 1,37,321090.0,0.06292517006802721,0.00023654983070619355,1.3211227103893463e-06
PA-285-GRC,Menard 2,77,1133205.0,0.13095238095238096,0.0026053378090695007,8.11811102290056e-07
PE-650-CHS,Other,5,12540.0,0.008503401360544217,1.4282528820474459e-05,2.2184086239813205e-08
PA-446-HEO,Sorrel 0,100,374010.0,0.17006802721088435,0.002117619835410751,5.2553416432784066e-05
PE-106-DES,Menard 2,103,1033320.0,0.17517006802721088,0.004023572194236643,2.0192230456290945e-06
PA-504-MIN,Sorrel 0,78,670935.0,0.1326530612244898,0.001565370576840214,2.6657909361471763e-06
PA-516-BEF,Sorrel 0,12,13710.0,0.02040816326530612,7.075258367512818e-05,4.038307834462682e-10
PA-253-DIJ,Menard 2,41,76005.0,0.06972789115646258,0.00025125904532500226,4.589419254087997e-07
PA-812-SAH,Sorrel 2,72,1879875.0,0.12244897959183673,0.0015529546229137094,6.514387459557893e-07
PA-436-COJ,Sorrel 0,81,151440.0,0.1377551020408163,0.0010035935931901,1.80287459708172e-06
PE-304-GOC,Sorrel 1,72,200280.0,0.12244897959183673,0.0013259279989600397,2.7109764012342286e-06
PA-463-BAG,Sorrel 0,57,747225.0,0.09693877551020408,0.0005800225020566664,3.2916045554350726e-06
PA-458-POC,Sorrel 0,172,799650.0,0.2925170068027211,0.009091863389607427,0.0002595597965867626
PE-414-GOR,Sorrel 2,58,612105.0,0.09863945578231292,0.0006660343135580273,7.93777295779095e-08
PA-067-GUB,Menard 1,50,333240.0,0.08503401360544217,0.00035024300187040685,6.146900927573592e-06
PA-052-URS,Menard 1,103,710745.0,0.17517006802721088,0.001144749932292876,0.00035474056162653557
PA-260-COM,Menard 2,25,97785.0,0.04251700680272109,5.7906056867013774e-05,1.0930722963887035e-07
PA-466-VAA,Sorrel 0,99,154890.0,0.1683673469387755,0.0022181830654467004,8.532728975804932e-05
PA-477-RAH,Sorrel 0,111,707565.0,0.18877551020408162,0.0027089634952049122,4.8864309598344606e-05
PA-485-PIN,Sorrel 0,54,327900.0,0.09183673469387754,0.0006994776603368016,1.8273548009029382e-06
PE-150-JAJ,Menard 2,42,152880.0,0.07142857142857142,6.300533563094874e-05,7.96855284074953e-07
PA-673-SIC,Sorrel 1,15,92040.0,0.025510204081632654,1.6611518444062695e-05,9.58103874128984e-07
PA-078-NSL,Menard 1,61,3132675.0,0.10374149659863945,0.00024962144466854764,0.0006457927566253542
PA-638-LEA,Sorrel 1,185,2008770.0,0.314625850340136,0.010516283791431203,0.0003400960371512314
PE-426-CHC,Sorrel 2,35,281670.0,0.05952380952380952,0.0002700479893702265,1.562441075621851e-08
PE-254-ALI,Sorrel 0,61,361650.0,0.10374149659863945,0.0020696806604191703,1.4260975367240522e-06
PA-917-PLS,Sorrel 2,7,150930.0,0.011904761904761904,4.660889569058457e-05,9.650367519672121e-10
PA-884-LER,Sorrel 2,19,648975.0,0.03231292517006803,0.00011570218395436434,1.9939805544734028e-06
PE-061-LES,Menard 1,48,195675.0,0.08163265306122448,0.00016525866774651934,0.0004863420008811742
PE-655-LOJ,Other,140,371715.0,0.23809523809523808,0.007363035837015375,3.713004286811459e-05
PE-301-DAK,Sorrel 1,13,120285.0,0.022108843537414966,2.3940749403694205e-05,1.6399603415310803e-06
PA-058-DEI,Menard 1,120,748200.0,0.20408163265306123,0.001877984020653854,0.00028380472291681107
PE-029-MAN,Menard 1,101,405270.0,0.1717687074829932,0.0017494468660482002,0.0025260565097816054
PE-306-LET,Sorrel 1,72,488910.0,0.12244897959183673,0.0013117518173727139,7.716806215476127e-06
PE-559-BED,Other,5,31920.0,0.008503401360544217,2.986636593227264e-07,1.5349587823289742e-07
PE-153-DAL,Menard 2,57,296670.0,0.09693877551020408,0.0002285799648417306,8.27291324515254e-07
PA-496-LAV,Sorrel 0,20,132300.0,0.03401360544217687,9.123039724622972e-05,4.2596600177581097e-07
PA-262-DEP,Menard 2,65,785460.0,0.11054421768707483,0.0007916393721343532,9.0835247977601e-06
PA-876-GAY,Sorrel 2,28,241680.0,0.047619047619047616,0.00018025098438025232,5.2288353260277106e-08
PA-084-FLX,Menard 1,31,1963950.0,0.052721088435374146,5.608861103658117e-05,0.00015354109132432116
PE-207-THJ,Sorrel 0,86,196260.0,0.14625850340136054,0.002226307761901259,5.53401171930454e-07
PE-157-RIG,Menard 2,74,308400.0,0.12585034013605442,0.0006638802040525607,7.935749779783516e-07
PE-018-FOS,Menard 1,121,345735.0,0.20578231292517005,0.0025882278397940627,0.0027636304358163535
PA-048-BLH,Menard 1,118,17046435.0,0.20068027210884354,0.001467599477588012,0.4334556142801887
PE-438-SAG,Sorrel 2,47,399630.0,0.07993197278911564,0.0005148536597934848,2.984245380954533e-08
PA-218-BEF,Menard 2,144,1376685.0,0.24489795918367346,0.00637942399403604,0.00034948845224595316
PA-203-THK,Menard 2,130,2828025.0,0.22108843537414966,0.005475894857578935,2.822343491308728e-05
PE-159-GRA,Menard 2,37,373065.0,0.06292517006802721,9.230585346479693e-05,5.491542225605741e-07
PA-653-GAJ,Sorrel 1,58,1159545.0,0.09863945578231292,0.0009752807976810194,4.8295245520340716e-05
PE-522-ROG,Other,49,55050.0,0.08333333333333333,0.0006609838000733955,8.394829690845723e-07
PA-442-ASL,Sorrel 0,62,100065.0,0.10544217687074829,0.0005094243018535609,1.0959327866405251e-06
PE-145-LEM,Menard 2,72,707730.0,0.12244897959183673,0.00042658017296497635,1.3938806660982104e-06
PE-146-HOD,Menard 2,33,39960.0,0.05612244897959184,0.0003205808554715998,6.74913508163901e-05
PA-081-BAR,Menard 1,99,1061130.0,0.1683673469387755,0.0031858362490663128,0.002844248236675549
PA-896-VEJ,Sorrel 2,15,252720.0,0.025510204081632654,2.1935524596734392e-05,4.275103058350376e-08
PA-057-IBN,Menard 1,151,10661775.0,0.2568027210884354,0.0035442338031139177,0.2842541550641664
PA-088-JOM,Menard 1,42,630300.0,0.07142857142857142,7.841090040325649e-05,0.0008473762438638065
PE-060-PEL,Menard 1,54,127275.0,0.09183673469387754,0.00029602745687276274,0.0009157869305712492
PA-650-ESF,Sorrel 1,107,345120.0,0.18197278911564624,0.0012356838341652414,0.00014564779092471716
PA-064-SIG,Menard 1,84,1766625.0,0.14285714285714285,0.0009028667891246977,8.867948558576281e-05
PA-840-LEP,Sorrel 2,40,690675.0,0.06802721088435373,0.0005370655758404017,4.1352445332447314e-08
PA-080-BOH,Menard 1,49,1006770.0,0.08333333333333333,0.0007745620146855025,2.651975753491529e-06
PA-500-MAC,Sorrel 0,34,338340.0,0.057823129251700675,0.00037202840343811337,7.136143276604905e-08
PA-891-RAL,Sorrel 2,66,1900410.0,0.11224489795918367,0.0010652184049829254,2.996392735589646e-06
PE-421-LES,Sorrel 2,51,422835.0,0.08673469387755102,0.0002922916724077975,2.8455844212338352e-08
PE-434-BRM,Sorrel 2,26,33150.0,0.04421768707482993,0.0002792256520197244,1.736813146422293e-08
PA-065-CAD,Menard 1,48,279000.0,0.08163265306122448,0.0002407169685879362,3.966716875579859e-05
PE-601-DUP,Other,39,184590.0,0.0663265306122449,0.0004738841609428969,6.666009943291313e-07
PA-828-SCJ,Sorrel 2,37,333075.0,0.06292517006802721,0.0002514749149166038,6.157466045342327e-07
PE-037-WAA,Menard 1,29,89175.0,0.04931972789115646,0.00019241402200112205,2.3959479426025784e-05
PE-623-DEN,Other,72,138150.0,0.12244897959183673,0.0021333612654386163,2.2309783667273607e-06
PE-107-DER,Menard 2,102,610770.0,0.17346938775510204,0.0019991064993913174,5.907272886781004e-06
PA-676-LOS,Sorrel 1,45,879945.0,0.07653061224489796,0.0004081682417783077,4.448509790313127e-05
PA-669-TRV,Sorrel 1,57,995070.0,0.09693877551020408,0.0006922812282231957,1.5230229519771304e-06
PE-040-LEG,Menard 1,99,282060.0,0.1683673469387755,0.0012434595723845253,0.001524726511791736
PE-213-COS,Sorrel 0,124,386775.0,0.21088435374149658,0.004154565473793758,7.342721505691922e-07
PA-254-MEC,Menard 2,74,765960.0,0.12585034013605442,0.0009519747462045899,2.2582268362389556e-05
PA-469-BEJ,Sorrel 0,95,286485.0,0.16156462585034012,0.0020576700513739387,8.641556157502443e-06
PA-089-SEB,Menard 1,41,1249215.0,0.06972789115646258,0.0002494749318776406,0.00015016218102963943
PA-898-LEL,Sorrel 2,23,74490.0,0.0391156462585034,0.0001832024946899843,5.983994946279489e-08
PE-042-CAP,Menard 1,108,74250.0,0.18367346938775508,0.0034805695356735136,3.849391787830581e-06
PE-311-BUG,Sorrel 1,70,478305.0,0.11904761904761904,0.0011495632209619117,7.405429634740624e-06
PA-222-LOM,Menard 2,72,1066440.0,0.12244897959183673,0.0011696117491702077,1.3358857249167244e-06
PA-247-MAN,Menard 2,86,377700.0,0.14625850340136054,0.0010036826076253984,0.00023553112555596973
PA-623-JAM,Sorrel 1,104,1298730.0,0.17687074829931973,0.0013463196495032447,0.00021934940730132372
PE-437-GOC,Sorrel 2,21,648435.0,0.03571428571428571,2.3281563207581795e-05,4.391503966740145e-08
PE-662-BAS,Other,12,4890.0,0.02040816326530612,7.173938566968708e-06,3.8493451156967025e-08
PA-490-DUD,Sorrel 0,18,89220.0,0.030612244897959183,2.553590856503048e-05,4.10833052716535e-06
PA-273-BOS,Menard 2,30,1167210.0,0.05102040816326531,0.00016608383968334057,3.1049000061362484e-07
PE-645-NGM,Other,13,15480.0,0.022108843537414966,0.00030578849623985436,8.363971820091045e-08
PE-431-MOL,Sorrel 2,61,31080.0,0.10374149659863945,0.002690503218772761,9.603544845560164e-07
PE-526-LEM,Other,91,200100.0,0.15476190476190477,0.0023591344880545518,1.5831036766505325e-05
PE-231-MAN,Sorrel 0,53,166800.0,0.09013605442176871,0.00046807370826313244,8.423034410766754e-07
PE-430-ROM,Sorrel 2,105,239430.0,0.17857142857142858,0.006992691672631221,4.091593482333675e-06
PE-054-GUM,Menard 1,66,204615.0,0.11224489795918367,0.00012871105877991447,0.0014117821927999603
PE-546-CHE,Other,108,214425.0,0.18367346938775508,0.0037536412932023507,0.000661563903996647
PA-864-DUP,Sorrel 2,48,1045665.0,0.08163265306122448,0.0006129357963926,1.3921960973513466e-07
PA-047-SIR,Menard 1,122,1416810.0,0.2074829931972789,0.0027055497900901806,0.0005129115331732702
PE-003-COM,Menard 1,102,169065.0,0.17346938775510204,0.003638807627931284,4.4845868520222445e-05
PE-663-JOD,Other,9,2055.0,0.015306122448979591,8.185783421527785e-06,4.439890084644444e-09
PA-073-FER,Menard 1,62,1045440.0,0.10544217687074829,0.0005560081939918024,1.934235448900834e-05
PA-501-MAS,Sorrel 0,19,338310.0,0.03231292517006803,6.52034839941701e-05,1.5256497835613338e-07
PA-087-VIB,Menard 1,18,624615.0,0.030612244897959183,2.1988939351071367e-05,3.72399435738339e-05
PE-553-MEY,Other,28,118950.0,0.047619047619047616,0.0002219581043920028,2.0367531665002334e-06
PA-637-VIJ,Sorrel 1,86,35610.0,0.14625850340136054,0.0004417926510373935,6.834514979290716e-05
PA-091-GRM,Menard 1,24,34695.0,0.04081632653061224,0.00016945557400271653,4.308436947937442e-06
PA-456-HAG,Sorrel 0,143,372120.0,0.24319727891156462,0.005741413481955639,0.00014374144253099152
PA-855-DEM,Sorrel 2,29,1002255.0,0.04931972789115646,0.00012427808403469426,1.0288719372548466e-07
PE-500-VAC,Other,56,64965.0,0.09523809523809523,0.003116566990748189,1.0989757997609708e-05
PE-022-HAN,Menard 1,34,49455.0,0.057823129251700675,1.728148866923254e-05,0.0004044424619483067
PA-297-BOE,Menard 2,23,325335.0,0.0391156462585034,0.00029342812564082997,9.98908674674062e-08
PA-279-PRA,Menard 2,42,466575.0,0.07142857142857142,0.0002004860320242231,4.3162526482388885e-06
PE-111-BAM,Menard 2,93,835125.0,0.15816326530612243,0.001007639239310787,8.363220004678798e-06
PE-156-BLA,Menard 2,74,335055.0,0.12585034013605442,0.0016044636204315408,8.482908364479356e-07
PE-210-BAM,Sorrel 0,113,519585.0,0.1921768707482993,0.0037679665516513776,1.089481371987347e-06
PE-620-VAC,Other,89,380400.0,0.15136054421768708,0.001907939983808345,1.2204491018244755e-06
PA-857-MAD,Sorrel 2,47,1140525.0,0.07993197278911564,0.0005794777709380544,1.7409203291302162e-06
PE-136-DEA,Menard 2,134,512880.0,0.22789115646258504,0.006211675352576429,3.643755737649116e-05
PA-282-ADB,Menard 2,50,676980.0,0.08503401360544217,0.000870731990682239,1.060085568747756e-05
PE-245-DUC,Sorrel 0,18,25545.0,0.030612244897959183,5.195654173878443e-05,4.7020692164900504e-07
PA-683-BEA,Sorrel 1,7,109755.0,0.011904761904761904,6.292221666050412e-06,1.2364069748894937e-07
PE-656-DUJ,Other,48,85980.0,0.08163265306122448,0.0005693268919421665,9.57223126443922e-06
PA-846-HAS,Sorrel 2,62,848505.0,0.10544217687074829,0.0012407757346500437,6.233075589901526e-07
PE-550-LEN,Other,153,277575.0,0.2602040816326531,0.015246004423584751,0.00042411366534315405
PA-843-LHG,Sorrel 2,38,573240.0,0.06462585034013606,0.0004812793080718387,2.974215261492251e-07
PA-459-DEM,Sorrel 0,192,1192845.0,0.32653061224489793,0.011717469462752633,0.0006189316884152856
PA-075-CAA,Menard 1,69,1046250.0,0.1173469387755102,0.000987222179947392,4.243322146136428e-05
PA-881-EKP,Sorrel 2,39,1226715.0,0.0663265306122449,0.0006114205755221328,9.66974109185321e-08
PA-498-RIJ,Sorrel 0,8,1815.0,0.013605442176870748,5.798781173272163e-06,7.977985545981967e-09
PA-621-GHF,Sorrel 1,123,2981010.0,0.20918367346938774,0.0023372884038381143,0.0002721951815777963
PE-012-SES,Menard 1,98,392910.0,0.16666666666666666,0.0022823800865918323,0.0036140655694080755
PA-077-VIF,Menard 1,48,1964220.0,0.08163265306122448,0.0001850801694446764,0.0001686573519274737
PA-819-RUL,Sorrel 2,37,1662825.0,0.06292517006802721,0.00023364563022224444,3.4518138833943017e-07
PE-122-LAI,Menard 2,71,763350.0,0.12074829931972789,0.0007814388876363342,2.2217369175563713e-06
PE-217-LAN,Sorrel 0,42,40125.0,0.07142857142857142,0.00031171315684936724,4.6825910365640904e-07
PE-439-ALF,Sorrel 2,8,2250.0,0.013605442176870748,2.234331116955228e-06,6.652751939414046e-09
PA-028-FOF,Menard 1,125,3216600.0,0.21258503401360543,0.003698280977878362,0.0008718313289393074
PA-454-MAM,Sorrel 0,67,160995.0,0.11394557823129252,0.0007865043584840516,7.823551963414517e-05
PE-034-SEJ,Menard 1,74,265335.0,0.12585034013605442,0.0013506884864565828,0.0005587454297226195
PA-817-DIM,Sorrel 2,76,1272210.0,0.1292517006802721,0.002527676060873684,8.705330731062821e-07
PA-473-MAI,Sorrel 0,112,560700.0,0.19047619047619047,0.003164176637929712,3.4253684594404425e-05
PA-658-BED,Sorrel 1,27,239100.0,0.04591836734693877,0.00016654510133039523,5.860093700605904e-06
PA-085-MET,Menard 1,50,2725395.0,0.08503401360544217,0.0008968049047477224,0.03492956587413074
PE-134-PLR,Menard 2,73,539250.0,0.12414965986394558,0.0005601635008064396,2.4623978684282012e-06
PA-824-TRA,Sorrel 2,49,467370.0,0.08333333333333333,0.00047998409220182753,2.5332147901635595e-07
PA-439-ZEF,Sorrel 0,129,367410.0,0.2193877551020408,0.002769173449545456,0.00030866882785545244
PE-117-FIE,Menard 2,76,1073505.0,0.1292517006802721,0.00047984307232380133,3.5192009143892987e-06
PE-435-DUM,Sorrel 2,65,587160.0,0.11054421768707483,0.0012036890003993036,4.0709729957628135e-08
PE-155-MAM,Menard 2,27,18960.0,0.04591836734693877,6.288897581156606e-05,1.2384711745043734e-07
PA-870-REG,Sorrel 2,37,843465.0,0.06292517006802721,0.00027880340768753146,1.0425242125179536e-07
PE-501-DAC,Other,107,424440.0,0.18197278911564624,0.00312839153463268,0.0034244431215623736
PE-661-COD,Other,48,141600.0,0.08163265306122448,0.0005114328609037857,5.710460463118502e-07
PE-202-DEP,Sorrel 0,128,439725.0,0.21768707482993196,0.0074428979334465965,1.0896369308205185e-06
PA-060-THM,Menard 1,54,2976525.0,0.09183673469387754,0.0002808857588422015,0.00011903299717927989
PE-403-DEC,Sorrel 2,70,265800.0,0.11904761904761904,0.0025448435162537513,2.4493236898355162e-08
PA-691-BIP,Sorrel 1,42,477975.0,0.07142857142857142,0.0003869236089945039,1.2133991449211062e-05
PE-541-LAD,Other,80,167880.0,0.13605442176870747,0.0020239889894248055,1.5415564275676722e-05
PA-029-YER,Menard 1,113,2657820.0,0.1921768707482993,0.0017474344582487568,0.00024650909296169315
PA-649-KHA,Sorrel 1,76,248370.0,0.1292517006802721,0.001142852466620748,8.781096920641655e-05
PA-009-DEJ,Menard 1,141,13781355.0,0.23979591836734693,0.0025915263370194152,0.29977212752108784
PA-068-FAF,Menard 1,33,1101345.0,0.05612244897959184,6.4547630671761e-05,3.5511239740634936e-05
PA-672-SEJ,Sorrel 1,14,102495.0,0.023809523809523808,1.9786368057145613e-05,4.993359081477531e-07
PA-492-FOG,Sorrel 0,19,178425.0,0.03231292517006803,5.597022919143013e-05,6.076154724092809e-07
PE-719-MAP,Other,8,1260.0,0.013605442176870748,6.798743739366333e-07,8.321789749401487e-09
PE-142-COM,Menard 2,91,48900.0,0.15476190476190477,0.001920192963989259,5.3631094215414525e-05
PE-033-SEA,Menard 1,84,226830.0,0.14285714285714285,0.0004621857921104797,0.0006263408618997449
PE-627-LEM,Other,4,13380.0,0.006802721088435374,1.7395822190396324e-05,1.2109066219009828e-07
PA-616-TAJ,Sorrel 1,122,630420.0,0.2074829931972789,0.0025366992016934344,0.0002992143854268243
PA-200-FAJ,Menard 2,69,5444640.0,0.1173469387755102,0.001745144760219108,3.278433667603526e-06
PE-319-LAN,Sorrel 1,136,482160.0,0.2312925170068027,0.005589729440389077,0.00019541958569334008
PA-863-AVG,Sorrel 2,11,15885.0,0.01870748299319728,2.4887162459880768e-05,1.8512330901690283e-08
PA-451-BRS,Sorrel 0,16,10005.0,0.027210884353741496,8.27921236989185e-06,4.6116483719594414e-07
PA-420-CHD,Sorrel 0,55,263325.0,0.09353741496598639,0.0005610983185123195,3.9134756643426297e-07
PE-214-DRP,Sorrel 0,81,312855.0,0.1377551020408163,0.001712080024604429,1.1516025435724127e-06
PA-872-BEE,Sorrel 2,69,1138125.0,0.1173469387755102,0.003478518728133858,1.3166654679167004e-05
PE-638-CHD,Other,28,16860.0,0.047619047619047616,0.0004515499718368865,5.225292534586582e-06
PE-105-COP,Menard 2,52,190290.0,0.08843537414965986,0.00011058336381653694,2.5287574020708704e-07
PE-154-FEJ,Menard 2,60,247515.0,0.10204081632653061,0.00034208144960181497,6.868381787520198e-07
PA-685-DEA,Sorrel 1,53,383745.0,0.09013605442176871,0.0007255208276074281,8.304990761164258e-07
PE-703-BOE,Other,167,375360.0,0.28401360544217685,0.008264886836299659,0.0002789225933584904
PE-433-DUJ,Sorrel 2,106,269865.0,0.18027210884353742,0.01240660927559347,1.8785467011371508e-07
PA-455-BAD,Sorrel 0,30,8670.0,0.05102040816326531,0.00014094247424949492,1.5839593538983605e-07
PA-890-CAS,Sorrel 2,20,309030.0,0.03401360544217687,3.2689629375524494e-05,1.227868075751469e-07
PA-622-DUE,Sorrel 1,136,4623690.0,0.2312925170068027,0.003466604966254821,0.00044553874864818906
PE-030-PAM,Menard 1,79,129870.0,0.13435374149659862,0.0008537593933410817,0.0008276731097309742
PA-267-RAA,Menard 2,31,1016580.0,0.052721088435374146,9.796072001748798e-05,5.988163093427529e-07
PA-082-ELM,Menard 1,39,1438830.0,0.0663265306122449,8.494537090915137e-05,0.012551881129811041
PA-211-CAA,Menard 2,164,4144635.0,0.2789115646258503,0.01209035471451682,0.0003023312934566849
PE-005-BRG,Menard 1,108,188790.0,0.18367346938775508,0.0015185806947622042,0.0012819753337550994
PA-882-BOF,Sorrel 2,42,651255.0,0.07142857142857142,0.0010534388144370337,1.9977956332745397e-07
PE-130-FEJ,Menard 2,69,158640.0,0.1173469387755102,0.001231631091837143,3.4585758700089085e-07
PA-294-ATR,Menard 2,27,557370.0,0.04591836734693877,5.964791690645398e-05,4.906179094510781e-06
PA-681-CLD,Sorrel 1,33,622380.0,0.05612244897959184,0.00019655389206953266,1.5319842715442395e-05
PA-875-ACL,Sorrel 2,78,2639475.0,0.1326530612244898,0.004103126254620019,2.8979540258190927e-06
PE-417-HAM,Sorrel 2,53,412110.0,0.09013605442176871,0.0007968802741878035,5.430251215768734e-08
PA-625-PIP,Sorrel 1,105,680775.0,0.17857142857142858,0.0021866427784642817,0.00012044035768844133
PE-608-BAY,Other,79,200250.0,0.13435374149659862,0.0012719389145870186,6.513239111601041e-07
PA-272-YAJ,Menard 2,35,524850.0,0.05952380952380952,0.0003250502823642726,2.368604167240675e-07
PE-505-FEP,Other,76,278580.0,0.1292517006802721,0.0009504761207514643,0.0015257708919906641
PA-457-PAP,Sorrel 0,81,302175.0,0.1377551020408163,0.0011282065451926203,0.00017872806079819595
PE-205-ROH,Sorrel 0,69,221505.0,0.1173469387755102,0.0006152872512013312,3.077026162860709e-07
PA-690-GUC,Sorrel 1,21,1215750.0,0.03571428571428571,2.9125239349977612e-05,3.057646688025413e-05
PA-671-GOS,Sorrel 1,51,198105.0,0.08673469387755102,0.0008268845945415044,2.301631297415078e-06
PE-309-WAA,Sorrel 1,79,162195.0,0.13435374149659862,0.001300553470997715,2.2596168950425434e-06
PA-271-BLJ,Menard 2,93,1956015.0,0.15816326530612243,0.0038419990045022072,1.890152794316314e-06
PA-208-SEF,Menard 2,78,3561345.0,0.1326530612244898,0.001688657239367498,6.395056237125388e-05
PA-886-REM,Sorrel 2,74,646680.0,0.12585034013605442,0.003888250074291208,2.9258607202493915e-06
PA-289-HAN,Menard 2,17,131370.0,0.028911564625850338,4.947920680320817e-05,1.4377508320787692e-06
PA-278-LEV,Menard 2,69,575940.0,0.1173469387755102,0.0024363234365655565,1.1258555695950299e-05
PE-010-LEC,Menard 1,74,198315.0,0.12585034013605442,0.00023825991592250388,0.0020530652082490436
PE-404-GOD,Sorrel 2,123,413280.0,0.20918367346938774,0.008079649778672142,5.480034771394298e-07
PA-823-MEA,Sorrel 2,37,83310.0,0.06292517006802721,0.0003333479091415715,9.972504574763505e-07
