week,ward_from,ward_to,seconds
0,Menard 1,Menard 1,2950980
0,Menard 1,Menard 2,456720
0,Menard 1,Sorrel 0,364050
0,Menard 1,Sorrel 1,728250
0,Menard 1,Sorrel 2,1890
0,Menard 2,Menard 1,455460
0,Menard 2,Menard 2,920970
0,Menard 2,Sorrel 0,158670
0,Menard 2,Sorrel 1,161070
0,Menard 2,Sorrel 2,9720
0,Sorrel 0,Menard 1,363540
0,Sorrel 0,Menard 2,158700
0,Sorrel 0,Sorrel 0,873330
0,Sorrel 0,Sorrel 1,1118010
0,Sorrel 0,Sorrel 2,64980
0,Sorrel 1,Menard 1,729480
0,Sorrel 1,Menard 2,161070
0,Sorrel 1,Sorrel 0,1124580
0,Sorrel 1,Sorrel 1,2185140
0,Sorrel 1,Sorrel 2,52350
0,Sorrel 2,Menard 1,1890
0,Sorrel 2,Menard 2,9810
0,Sorrel 2,Sorrel 0,65070
0,Sorrel 2,Sorrel 1,52350
0,Sorrel 2,Sorrel 2,1687710
1,Menard 1,Menard 1,10218930
1,Menard 1,Menard 2,140310
1,Menard 1,Sorrel 0,20160
1,Menard 1,Sorrel 1,121290
1,Menard 1,Sorrel 2,3840
1,Menard 2,Menard 1,140400
1,Menard 2,Menard 2,4129530
1,Menard 2,Sorrel 0,3660
1,Menard 2,Sorrel 1,44880
1,Menard 2,Sorrel 2,1890
1,Sorrel 0,Menard 1,20460
1,Sorrel 0,Menard 2,3210
1,Sorrel 0,Sorrel 0,929490
1,Sorrel 0,Sorrel 1,52050
1,Sorrel 0,Sorrel 2,2910
1,Sorrel 1,Menard 1,121320
1,Sorrel 1,Menard 2,44160
1,Sorrel 1,Sorrel 0,52230
1,Sorrel 1,Sorrel 1,4101180
1,Sorrel 1,Sorrel 2,8760
1,Sorrel 2,Menard 1,3840
1,Sorrel 2,Menard 2,1890
1,Sorrel 2,Sorrel 0,2910
1,Sorrel 2,Sorrel 1,8820
1,Sorrel 2,Sorrel 2,2809650
2,Menard 1,Menard 1,3500520
2,Menard 1,Menard 2,3390
2,Menard 1,Sorrel 0,120
2,Menard 1,Sorrel 1,153330
2,Menard 1,Sorrel 2,0
2,Menard 2,Menard 1,5190
2,Menard 2,Menard 2,1231680
2,Menard 2,Sorrel 0,60
2,Menard 2,Sorrel 1,300
2,Menard 2,Sorrel 2,0
2,Sorrel 0,Menard 1,120
2,Sorrel 0,Menard 2,60
2,Sorrel 0,Sorrel 0,18060
2,Sorrel 0,Sorrel 1,2160
2,Sorrel 0,Sorrel 2,0
2,Sorrel 1,Menard 1,153540
2,Sorrel 1,Menard 2,300
2,Sorrel 1,Sorrel 0,2100
2,Sorrel 1,Sorrel 1,2249850
2,Sorrel 1,Sorrel 2,0
2,Sorrel 2,Menard 1,0
2,Sorrel 2,Menard 2,0
2,Sorrel 2,Sorrel 0,0
2,Sorrel 2,Sorrel 1,0
2,Sorrel 2,Sorrel 2,680520
3,Menard 1,Menard 1,12495960
3,Menard 1,Menard 2,19500
3,Menard 1,Sorrel 0,1500
3,Menard 1,Sorrel 1,145410
3,Menard 1,Sorrel 2,570
3,Menard 2,Menard 1,18660
3,Menard 2,Menard 2,2917920
3,Menard 2,Sorrel 0,60
3,Menard 2,Sorrel 1,1050
3,Menard 2,Sorrel 2,60
3,Sorrel 0,Menard 1,1500
3,Sorrel 0,Menard 2,240
3,Sorrel 0,Sorrel 0,1246830
3,Sorrel 0,Sorrel 1,73380
3,Sorrel 0,Sorrel 2,318330
3,Sorrel 1,Menard 1,145410
3,Sorrel 1,Menard 2,1050
3,Sorrel 1,Sorrel 0,73440
3,Sorrel 1,Sorrel 1,3958530
3,Sorrel 1,Sorrel 2,2670
3,Sorrel 2,Menard 1,570
3,Sorrel 2,Menard 2,60
3,Sorrel 2,Sorrel 0,318090
3,Sorrel 2,Sorrel 1,2670
3,Sorrel 2,Sorrel 2,1575240
4,Menard 1,Menard 1,19169940
4,Menard 1,Menard 2,19200
4,Menard 1,Sorrel 0,120
4,Menard 1,Sorrel 1,14460
4,Menard 1,Sorrel 2,270
4,Menard 2,Menard 1,18810
4,Menard 2,Menard 2,5380080
4,Menard 2,Sorrel 0,6300
4,Menard 2,Sorrel 1,3510
4,Menard 2,Sorrel 2,480
4,Sorrel 0,Menard 1,120
4,Sorrel 0,Menard 2,6300
4,Sorrel 0,Sorrel 0,2470230
4,Sorrel 0,Sorrel 1,22320
4,Sorrel 0,Sorrel 2,7020
4,Sorrel 1,Menard 1,14460
4,Sorrel 1,Menard 2,3510
4,Sorrel 1,Sorrel 0,22380
4,Sorrel 1,Sorrel 1,7432800
4,Sorrel 1,Sorrel 2,930
4,Sorrel 2,Menard 1,270
4,Sorrel 2,Menard 2,480
4,Sorrel 2,Sorrel 0,7020
4,Sorrel 2,Sorrel 1,930
4,Sorrel 2,Sorrel 2,3020550
5,Menard 1,Menard 1,18573180
5,Menard 1,Menard 2,47340
5,Menard 1,Sorrel 0,323850
5,Menard 1,Sorrel 1,302640
5,Menard 1,Sorrel 2,2100
5,Menard 2,Menard 1,47460
5,Menard 2,Menard 2,6427470
5,Menard 2,Sorrel 0,60420
5,Menard 2,Sorrel 1,13890
5,Menard 2,Sorrel 2,2070
5,Sorrel 0,Menard 1,321630
5,Sorrel 0,Menard 2,60240
5,Sorrel 0,Sorrel 0,1676310
5,Sorrel 0,Sorrel 1,192570
5,Sorrel 0,Sorrel 2,6960
5,Sorrel 1,Menard 1,301320
5,Sorrel 1,Menard 2,13980
5,Sorrel 1,Sorrel 0,189390
5,Sorrel 1,Sorrel 1,8410230
5,Sorrel 1,Sorrel 2,4470
5,Sorrel 2,Menard 1,2100
5,Sorrel 2,Menard 2,2070
5,Sorrel 2,Sorrel 0,7260
5,Sorrel 2,Sorrel 1,4470
5,Sorrel 2,Sorrel 2,5525910
6,Menard 1,Menard 1,28781190
6,Menard 1,Menard 2,8010
6,Menard 1,Sorrel 0,16770
6,Menard 1,Sorrel 1,115020
6,Menard 1,Sorrel 2,1860
6,Menard 2,Menard 1,8580
6,Menard 2,Menard 2,6927690
6,Menard 2,Sorrel 0,1680
6,Menard 2,Sorrel 1,5100
6,Menard 2,Sorrel 2,840
6,Sorrel 0,Menard 1,16860
6,Sorrel 0,Menard 2,1680
6,Sorrel 0,Sorrel 0,1926930
6,Sorrel 0,Sorrel 1,127830
6,Sorrel 0,Sorrel 2,990
6,Sorrel 1,Menard 1,115020
6,Sorrel 1,Menard 2,5340
6,Sorrel 1,Sorrel 0,127680
6,Sorrel 1,Sorrel 1,5961720
6,Sorrel 1,Sorrel 2,14850
6,Sorrel 2,Menard 1,1770
6,Sorrel 2,Menard 2,840
6,Sorrel 2,Sorrel 0,990
6,Sorrel 2,Sorrel 1,14790
6,Sorrel 2,Sorrel 2,6210840
7,Menard 1,Menard 1,15915360
7,Menard 1,Menard 2,7530
7,Menard 1,Sorrel 0,60
7,Menard 1,Sorrel 1,312570
7,Menard 1,Sorrel 2,1740
7,Menard 2,Menard 1,7410
7,Menard 2,Menard 2,5281620
7,Menard 2,Sorrel 0,2490
7,Menard 2,Sorrel 1,4350
7,Menard 2,Sorrel 2,1440
7,Sorrel 0,Menard 1,60
7,Sorrel 0,Menard 2,2430
7,Sorrel 0,Sorrel 0,840870
7,Sorrel 0,Sorrel 1,89010
7,Sorrel 0,Sorrel 2,330
7,Sorrel 1,Menard 1,312570
7,Sorrel 1,Menard 2,4290
7,Sorrel 1,Sorrel 0,86310
7,Sorrel 1,Sorrel 1,2548920
7,Sorrel 1,Sorrel 2,0
7,Sorrel 2,Menard 1,1860
7,Sorrel 2,Menard 2,1440
7,Sorrel 2,Sorrel 0,330
7,Sorrel 2,Sorrel 1,0
7,Sorrel 2,Sorrel 2,3660120
8,Menard 1,Menard 1,7272600
8,Menard 1,Menard 2,3000
8,Menard 1,Sorrel 0,0
8,Menard 1,Sorrel 1,55230
8,Menard 1,Sorrel 2,330
8,Menard 2,Menard 1,3000
8,Menard 2,Menard 2,1760730
8,Menard 2,Sorrel 0,450
8,Menard 2,Sorrel 1,900
8,Menard 2,Sorrel 2,180
8,Sorrel 0,Menard 1,0
8,Sorrel 0,Menard 2,450
8,Sorrel 0,Sorrel 0,37410
8,Sorrel 0,Sorrel 1,3570
8,Sorrel 0,Sorrel 2,0
8,Sorrel 1,Menard 1,55230
8,Sorrel 1,Menard 2,900
8,Sorrel 1,Sorrel 0,3570
8,Sorrel 1,Sorrel 1,966990
8,Sorrel 1,Sorrel 2,210
8,Sorrel 2,Menard 1,330
8,Sorrel 2,Menard 2,180
8,Sorrel 2,Sorrel 0,0
8,Sorrel 2,Sorrel 1,210
8,Sorrel 2,Sorrel 2,1115220
9,Menard 1,Menard 1,18129000
9,Menard 1,Menard 2,290820
9,Menard 1,Sorrel 0,3300
9,Menard 1,Sorrel 1,88620
9,Menard 1,Sorrel 2,1740
9,Menard 2,Menard 1,295050
9,Menard 2,Menard 2,6697650
9,Menard 2,Sorrel 0,3630
9,Menard 2,Sorrel 1,5910
9,Menard 2,Sorrel 2,24690
9,Sorrel 0,Menard 1,3300
9,Sorrel 0,Menard 2,3540
9,Sorrel 0,Sorrel 0,148230
9,Sorrel 0,Sorrel 1,2790
9,Sorrel 0,Sorrel 2,0
9,Sorrel 1,Menard 1,88620
9,Sorrel 1,Menard 2,5880
9,Sorrel 1,Sorrel 0,2790
9,Sorrel 1,Sorrel 1,3869640
9,Sorrel 1,Sorrel 2,1920
9,Sorrel 2,Menard 1,1560
9,Sorrel 2,Menard 2,24690
9,Sorrel 2,Sorrel 0,0
9,Sorrel 2,Sorrel 1,1770
9,Sorrel 2,Sorrel 2,3708000
10,Menard 1,Menard 1,19359060
10,Menard 1,Menard 2,637320
10,Menard 1,Sorrel 0,9570
10,Menard 1,Sorrel 1,6630
10,Menard 1,Sorrel 2,7800
10,Menard 2,Menard 1,636540
10,Menard 2,Menard 2,6721950
10,Menard 2,Sorrel 0,17160
10,Menard 2,Sorrel 1,4260
10,Menard 2,Sorrel 2,3480
10,Sorrel 0,Menard 1,9510
10,Sorrel 0,Menard 2,17310
10,Sorrel 0,Sorrel 0,1634640
10,Sorrel 0,Sorrel 1,9120
10,Sorrel 0,Sorrel 2,235590
10,Sorrel 1,Menard 1,6570
10,Sorrel 1,Menard 2,4380
10,Sorrel 1,Sorrel 0,9120
10,Sorrel 1,Sorrel 1,5428320
10,Sorrel 1,Sorrel 2,44490
10,Sorrel 2,Menard 1,7710
10,Sorrel 2,Menard 2,3480
10,Sorrel 2,Sorrel 0,234180
10,Sorrel 2,Sorrel 1,44490
10,Sorrel 2,Sorrel 2,4542630
11,Menard 1,Menard 1,11907150
11,Menard 1,Menard 2,300390
11,Menard 1,Sorrel 0,240
11,Menard 1,Sorrel 1,28680
11,Menard 1,Sorrel 2,2340
11,Menard 2,Menard 1,310980
11,Menard 2,Menard 2,2726520
11,Menard 2,Sorrel 0,248880
11,Menard 2,Sorrel 1,425970
11,Menard 2,Sorrel 2,292080
11,Sorrel 0,Menard 1,240
11,Sorrel 0,Menard 2,249360
11,Sorrel 0,Sorrel 0,286380
11,Sorrel 0,Sorrel 1,516540
11,Sorrel 0,Sorrel 2,71010
11,Sorrel 1,Menard 1,28680
11,Sorrel 1,Menard 2,427170
11,Sorrel 1,Sorrel 0,520170
11,Sorrel 1,Sorrel 1,2437500
11,Sorrel 1,Sorrel 2,71580
11,Sorrel 2,Menard 1,2610
11,Sorrel 2,Menard 2,293940
11,Sorrel 2,Sorrel 0,71070
11,Sorrel 2,Sorrel 1,71790
11,Sorrel 2,Sorrel 2,1351320
12,Menard 1,Menard 1,22152870
12,Menard 1,Menard 2,9030
12,Menard 1,Sorrel 0,5040
12,Menard 1,Sorrel 1,12780
12,Menard 1,Sorrel 2,450
12,Menard 2,Menard 1,9030
12,Menard 2,Menard 2,4864530
12,Menard 2,Sorrel 0,992790
12,Menard 2,Sorrel 1,188370
12,Menard 2,Sorrel 2,524130
12,Sorrel 0,Menard 1,5100
12,Sorrel 0,Menard 2,992100
12,Sorrel 0,Sorrel 0,606390
12,Sorrel 0,Sorrel 1,251160
12,Sorrel 0,Sorrel 2,110550
12,Sorrel 1,Menard 1,12780
12,Sorrel 1,Menard 2,188910
12,Sorrel 1,Sorrel 0,251580
12,Sorrel 1,Sorrel 1,3959130
12,Sorrel 1,Sorrel 2,135030
12,Sorrel 2,Menard 1,450
12,Sorrel 2,Menard 2,524400
12,Sorrel 2,Sorrel 0,110190
12,Sorrel 2,Sorrel 1,134970
12,Sorrel 2,Sorrel 2,3219390
13,Menard 1,Menard 1,2593380
13,Menard 1,Menard 2,60
13,Menard 1,Sorrel 0,0
13,Menard 1,Sorrel 1,150
13,Menard 1,Sorrel 2,0
13,Menard 2,Menard 1,60
13,Menard 2,Menard 2,3707730
13,Menard 2,Sorrel 0,0
13,Menard 2,Sorrel 1,4320
13,Menard 2,Sorrel 2,60
13,Sorrel 0,Menard 1,0
13,Sorrel 0,Menard 2,0
13,Sorrel 0,Sorrel 0,257790
13,Sorrel 0,Sorrel 1,1110
13,Sorrel 0,Sorrel 2,330
13,Sorrel 1,Menard 1,150
13,Sorrel 1,Menard 2,4290
13,Sorrel 1,Sorrel 0,1110
13,Sorrel 1,Sorrel 1,1768470
13,Sorrel 1,Sorrel 2,14460
13,Sorrel 2,Menard 1,0
13,Sorrel 2,Menard 2,60
13,Sorrel 2,Sorrel 0,330
13,Sorrel 2,Sorrel 1,14460
13,Sorrel 2,Sorrel 2,2055330
14,Menard 1,Menard 1,0
14,Menard 1,Menard 2,0
14,Menard 1,Sorrel 0,0
14,Menard 1,Sorrel 1,0
14,Menard 1,Sorrel 2,0
14,Menard 2,Menard 1,0
14,Menard 2,Menard 2,927270
14,Menard 2,Sorrel 0,0
14,Menard 2,Sorrel 1,180
14,Menard 2,Sorrel 2,0
14,Sorrel 0,Menard 1,0
14,Sorrel 0,Menard 2,0
14,Sorrel 0,Sorrel 0,43110
14,Sorrel 0,Sorrel 1,60
14,Sorrel 0,Sorrel 2,0
14,Sorrel 1,Menard 1,0
14,Sorrel 1,Menard 2,180
14,Sorrel 1,Sorrel 0,60
14,Sorrel 1,Sorrel 1,198690
14,Sorrel 1,Sorrel 2,0
14,Sorrel 2,Menard 1,0
14,Sorrel 2,Menard 2,0
14,Sorrel 2,Sorrel 0,0
14,Sorrel 2,Sorrel 1,0
14,Sorrel 2,Sorrel 2,1267380
15,Menard 1,Menard 1,0
15,Menard 1,Menard 2,0
15,Menard 1,Sorrel 0,0
15,Menard 1,Sorrel 1,0
15,Menard 1,Sorrel 2,0
15,Menard 2,Menard 1,0
15,Menard 2,Menard 2,130530
15,Menard 2,Sorrel 0,0
15,Menard 2,Sorrel 1,0
15,Menard 2,Sorrel 2,0
15,Sorrel 0,Menard 1,0
15,Sorrel 0,Menard 2,0
15,Sorrel 0,Sorrel 0,0
15,Sorrel 0,Sorrel 1,0
15,Sorrel 0,Sorrel 2,0
15,Sorrel 1,Menard 1,0
15,Sorrel 1,Menard 2,0
15,Sorrel 1,Sorrel 0,0
15,Sorrel 1,Sorrel 1,0
15,Sorrel 1,Sorrel 2,0
15,Sorrel 2,Menard 1,0
15,Sorrel 2,Menard 2,0
15,Sorrel 2,Sorrel 0,0
15,Sorrel 2,Sorrel 1,0
15,Sorrel 2,Sorrel 2,1516110
16,Menard 1,Menard 1,0
16,Menard 1,Menard 2,0
16,Menard 1,Sorrel 0,0
16,Menard 1,Sorrel 1,0
16,Menard 1,Sorrel 2,0
16,Menard 2,Menard 1,0
16,Menard 2,Menard 2,0
16,Menard 2,Sorrel 0,0
16,Menard 2,Sorrel 1,0
16,Menard 2,Sorrel 2,0
16,Sorrel 0,Menard 1,0
16,Sorrel 0,Menard 2,0
16,Sorrel 0,Sorrel 0,0
16,Sorrel 0,Sorrel 1,0
16,Sorrel 0,Sorrel 2,0
16,Sorrel 1,Menard 1,0
16,Sorrel 1,Menard 2,0
16,Sorrel 1,Sorrel 0,0
16,Sorrel 1,Sorrel 1,0
16,Sorrel 1,Sorrel 2,0
16,Sorrel 2,Menard 1,0
16,Sorrel 2,Menard 2,0
16,Sorrel 2,Sorrel 0,0
16,Sorrel 2,Sorrel 1,0
16,Sorrel 2,Sorrel 2,625440
