week,group,prevalence,n_tested,n_positive,low_n
0,Menard 1,0.19230769230769232,26,5,False
0,Menard 2,0.42857142857142855,7,3,True
0,Other,0.0,22,0,False
0,Sorrel 0,0.0,5,0,True
0,Sorrel 1,0.5,16,8,False
0,Sorrel 2,0.0,1,0,True
1,Menard 1,0.09803921568627451,51,5,False
1,Menard 2,0.22033898305084745,59,13,False
1,Other,0.0392156862745098,51,2,False
1,Sorrel 0,0.22448979591836735,49,11,False
1,Sorrel 1,0.3076923076923077,39,12,False
1,Sorrel 2,0.175,40,7,False
2,Menard 1,0.18421052631578946,38,7,False
2,Menard 2,0.17857142857142858,28,5,False
2,Sorrel 1,0.45,20,9,False
2,Sorrel 2,0.25,16,4,False
3,Menard 1,0.12698412698412698,63,8,False
3,Menard 2,0.125,56,7,False
3,Other,0.0392156862745098,51,2,False
3,Sorrel 0,0.17307692307692307,52,9,False
3,Sorrel 1,0.25,44,11,False
3,Sorrel 2,0.17142857142857143,35,6,False
4,Menard 1,0.16923076923076924,65,11,False
4,Menard 2,0.2692307692307692,52,14,False
4,Other,0.12,50,6,False
4,Sorrel 0,0.20833333333333334,48,10,False
4,Sorrel 1,0.3953488372093023,43,17,False
4,Sorrel 2,0.15,40,6,False
5,Menard 1,0.19402985074626866,67,13,False
5,Menard 2,0.3220338983050847,59,19,False
5,Other,0.12962962962962962,54,7,False
5,Sorrel 0,0.2909090909090909,55,16,False
5,Sorrel 1,0.4,45,18,False
5,Sorrel 2,0.20454545454545456,44,9,False
6,Menard 1,0.13846153846153847,65,9,False
6,Menard 2,0.0,7,0,True
6,Sorrel 0,0.16,50,8,False
6,Sorrel 1,0.32608695652173914,46,15,False
6,Sorrel 2,0.21621621621621623,37,8,False
7,Menard 1,0.16666666666666666,48,8,False
7,Menard 2,0.1,50,5,False
7,Other,0.0196078431372549,51,1,False
7,Sorrel 0,0.1016949152542373,59,6,False
7,Sorrel 1,0.3469387755102041,49,17,False
7,Sorrel 2,0.20512820512820512,39,8,False
8,Menard 1,0.14492753623188406,69,10,False
8,Menard 2,0.10204081632653061,49,5,False
8,Other,0.058823529411764705,51,3,False
8,Sorrel 0,0.14705882352941177,34,5,False
8,Sorrel 1,0.3181818181818182,44,14,False
8,Sorrel 2,0.23684210526315788,38,9,False
9,Menard 1,0.18840579710144928,69,13,False
9,Menard 2,0.1346153846153846,52,7,False
9,Other,0.018867924528301886,53,1,False
9,Sorrel 0,0.1320754716981132,53,7,False
9,Sorrel 1,0.41935483870967744,31,13,False
9,Sorrel 2,0.42105263157894735,38,16,False
10,Menard 1,0.11940298507462686,67,8,False
10,Menard 2,0.13333333333333333,60,8,False
10,Other,0.03636363636363636,55,2,False
10,Sorrel 0,0.08,50,4,False
10,Sorrel 1,0.391304347826087,46,18,False
10,Sorrel 2,0.2222222222222222,45,10,False
11,Menard 1,0.17391304347826086,69,12,False
11,Menard 2,0.13333333333333333,60,8,False
11,Other,0.11764705882352941,51,6,False
11,Sorrel 0,0.09803921568627451,51,5,False
11,Sorrel 1,0.35555555555555557,45,16,False
11,Sorrel 2,0.23529411764705882,34,8,False
12,Menard 1,0.25,64,16,False
12,Menard 2,0.1111111111111111,54,6,False
12,Other,0.09433962264150944,53,5,False
12,Sorrel 0,0.061224489795918366,49,3,False
12,Sorrel 1,0.3055555555555556,36,11,False
12,Sorrel 2,0.15789473684210525,38,6,False
13,Menard 1,0.1875,48,9,False
13,Menard 2,0.1320754716981132,53,7,False
13,Other,0.0,53,0,False
13,Sorrel 0,0.06818181818181818,44,3,False
13,Sorrel 1,0.22857142857142856,35,8,False
13,Sorrel 2,0.17857142857142858,28,5,False
14,Menard 2,0.16326530612244897,49,8,False
14,Other,0.029411764705882353,34,1,False
14,Sorrel 0,0.07317073170731707,41,3,False
14,Sorrel 1,0.22580645161290322,31,7,False
14,Sorrel 2,0.12903225806451613,31,4,False
15,Menard 2,0.15555555555555556,45,7,False
15,Other,0.09090909090909091,11,1,False
15,Sorrel 0,0.10344827586206896,29,3,False
15,Sorrel 2,0.1111111111111111,27,3,False
16,Other,0.06666666666666667,15,1,False
16,Sorrel 0,0.07692307692307693,26,2,False
16,Sorrel 2,0.17857142857142858,28,5,False
