week,group,prevalence_main,n_tested_main,n_positive_main,low_n_main,prevalence_check,n_tested_check,n_positive_check,low_n_check,abs_diff
0,Menard 1,0.19230769230769232,26,5,False,0.18518518518518517,27,5,False,0.0071225071225071435
0,Menard 2,0.42857142857142855,7,3,True,0.42857142857142855,7,3,True,0.0
0,Other,0.0,22,0,False,0.0,26,0,False,0.0
0,Sorrel 0,0.0,5,0,True,0.0,5,0,True,0.0
0,Sorrel 1,0.5,16,8,False,0.4444444444444444,18,8,False,0.05555555555555558
0,Sorrel 2,0.0,1,0,True,0.0,2,0,True,0.0
1,Menard 1,0.09803921568627451,51,5,False,0.09259259259259259,54,5,False,0.005446623093681921
1,Menard 2,0.22033898305084745,59,13,False,0.20967741935483872,62,13,False,0.010661563696008736
1,Other,0.0392156862745098,51,2,False,0.03571428571428571,56,2,False,0.003501400560224091
1,Sorrel 0,0.22448979591836735,49,11,False,0.2,55,11,False,0.024489795918367335
1,Sorrel 1,0.3076923076923077,39,12,False,0.2708333333333333,48,13,False,0.036858974358974395
1,Sorrel 2,0.175,40,7,False,0.1702127659574468,47,8,False,0.0047872340425531845
2,Menard 1,0.18421052631578946,38,7,False,0.18421052631578946,38,7,False,0.0
2,Menard 2,0.17857142857142858,28,5,False,0.17857142857142858,28,5,False,0.0
2,Sorrel 1,0.45,20,9,False,0.45454545454545453,22,10,False,0.004545454545454519
2,Sorrel 2,0.25,16,4,False,0.2631578947368421,19,5,False,0.01315789473684209
3,Menard 1,0.12698412698412698,63,8,False,0.14925373134328357,67,10,False,0.022269604359156592
3,Menard 2,0.125,56,7,False,0.11475409836065574,61,7,False,0.01024590163934426
3,Other,0.0392156862745098,51,2,False,0.03571428571428571,56,2,False,0.003501400560224091
3,Sorrel 0,0.17307692307692307,52,9,False,0.15789473684210525,57,9,False,0.015182186234817818
3,Sorrel 1,0.25,44,11,False,0.20754716981132076,53,11,False,0.042452830188679236
3,Sorrel 2,0.17142857142857143,35,6,False,0.175,40,7,False,0.0035714285714285587
4,Menard 1,0.16923076923076924,65,11,False,0.15942028985507245,69,11,False,0.00981047937569679
4,Menard 2,0.2692307692307692,52,14,False,0.2857142857142857,56,16,False,0.01648351648351648
4,Other,0.12,50,6,False,0.10909090909090909,55,6,False,0.01090909090909091
4,Sorrel 0,0.20833333333333334,48,10,False,0.20754716981132076,53,11,False,0.0007861635220125784
4,Sorrel 1,0.3953488372093023,43,17,False,0.3541666666666667,48,17,False,0.04118217054263562
4,Sorrel 2,0.15,40,6,False,0.13636363636363635,44,6,False,0.013636363636363641
5,Menard 1,0.19402985074626866,67,13,False,0.20833333333333334,72,15,False,0.014303482587064681
5,Menard 2,0.3220338983050847,59,19,False,0.3492063492063492,63,22,False,0.027172450901264467
5,Other,0.12962962962962962,54,7,False,0.13793103448275862,58,8,False,0.008301404853128996
5,Sorrel 0,0.2909090909090909,55,16,False,0.3387096774193548,62,21,False,0.04780058651026392
5,Sorrel 1,0.4,45,18,False,0.36,50,18,False,0.040000000000000036
5,Sorrel 2,0.20454545454545456,44,9,False,0.19148936170212766,47,9,False,0.0130560928433269
6,Menard 1,0.13846153846153847,65,9,False,0.12857142857142856,70,9,False,0.00989010989010991
6,Menard 2,0.0,7,0,True,0.0,7,0,True,0.0
6,Sorrel 0,0.16,50,8,False,0.14285714285714285,56,8,False,0.017142857142857154
6,Sorrel 1,0.32608695652173914,46,15,False,0.30612244897959184,49,15,False,0.01996450754214729
6,Sorrel 2,0.21621621621621623,37,8,False,0.20512820512820512,39,8,False,0.011088011088011107
7,Menard 1,0.16666666666666666,48,8,False,0.1509433962264151,53,8,False,0.01572327044025157
7,Menard 2,0.1,50,5,False,0.09090909090909091,55,5,False,0.009090909090909094
7,Other,0.0196078431372549,51,1,False,0.01818181818181818,55,1,False,0.0014260249554367208
7,Sorrel 0,0.1016949152542373,59,6,False,0.1076923076923077,65,7,False,0.0059973924380704036
7,Sorrel 1,0.3469387755102041,49,17,False,0.32075471698113206,53,17,False,0.02618405852907202
7,Sorrel 2,0.20512820512820512,39,8,False,0.1951219512195122,41,8,False,0.01000625390869292
8,Menard 1,0.14492753623188406,69,10,False,0.14864864864864866,74,11,False,0.0037211124167645937
8,Menard 2,0.10204081632653061,49,5,False,0.09433962264150944,53,5,False,0.007701193685021174
8,Other,0.058823529411764705,51,3,False,0.05357142857142857,56,3,False,0.005252100840336137
8,Sorrel 0,0.14705882352941177,34,5,False,0.17142857142857143,35,6,False,0.02436974789915966
8,Sorrel 1,0.3181818181818182,44,14,False,0.2857142857142857,49,14,False,0.03246753246753248
8,Sorrel 2,0.23684210526315788,38,9,False,0.225,40,9,False,0.011842105263157876
9,Menard 1,0.18840579710144928,69,13,False,0.18055555555555555,72,13,False,0.007850241545893727
9,Menard 2,0.1346153846153846,52,7,False,0.12727272727272726,55,7,False,0.007342657342657349
9,Other,0.018867924528301886,53,1,False,0.01694915254237288,59,1,False,0.0019187719859290048
9,Sorrel 0,0.1320754716981132,53,7,False,0.11290322580645161,62,7,False,0.019172245891661596
9,Sorrel 1,0.41935483870967744,31,13,False,0.41935483870967744,31,13,False,0.0
9,Sorrel 2,0.42105263157894735,38,16,False,0.3902439024390244,41,16,False,0.03080872913992294
10,Menard 1,0.11940298507462686,67,8,False,0.11764705882352941,68,8,False,0.0017559262510974533
10,Menard 2,0.13333333333333333,60,8,False,0.12307692307692308,65,8,False,0.010256410256410248
10,Other,0.03636363636363636,55,2,False,0.03508771929824561,57,2,False,0.0012759170653907498
10,Sorrel 0,0.08,50,4,False,0.07407407407407407,54,4,False,0.005925925925925932
10,Sorrel 1,0.391304347826087,46,18,False,0.37254901960784315,51,19,False,0.018755328218243827
10,Sorrel 2,0.2222222222222222,45,10,False,0.2127659574468085,47,10,False,0.009456264775413697
11,Menard 1,0.17391304347826086,69,12,False,0.18571428571428572,70,13,False,0.011801242236024856
11,Menard 2,0.13333333333333333,60,8,False,0.125,64,8,False,0.008333333333333331
11,Other,0.11764705882352941,51,6,False,0.10526315789473684,57,6,False,0.012383900928792574
11,Sorrel 0,0.09803921568627451,51,5,False,0.10344827586206896,58,6,False,0.005409060175794456
11,Sorrel 1,0.35555555555555557,45,16,False,0.32,50,16,False,0.03555555555555556
11,Sorrel 2,0.23529411764705882,34,8,False,0.2222222222222222,36,8,False,0.01307189542483661
12,Menard 1,0.25,64,16,False,0.26153846153846155,65,17,False,0.011538461538461553
12,Menard 2,0.1111111111111111,54,6,False,0.10526315789473684,57,6,False,0.005847953216374269
12,Other,0.09433962264150944,53,5,False,0.08771929824561403,57,5,False,0.0066203243958954106
12,Sorrel 0,0.061224489795918366,49,3,False,0.05454545454545454,55,3,False,0.006679035250463823
12,Sorrel 1,0.3055555555555556,36,11,False,0.275,40,11,False,0.030555555555555558
12,Sorrel 2,0.15789473684210525,38,6,False,0.13636363636363635,44,6,False,0.0215311004784689
13,Menard 1,0.1875,48,9,False,0.20408163265306123,49,10,False,0.01658163265306123
13,Menard 2,0.1320754716981132,53,7,False,0.12727272727272726,55,7,False,0.004802744425385946
13,Other,0.0,53,0,False,0.0,56,0,False,0.0
13,Sorrel 0,0.06818181818181818,44,3,False,0.0625,48,3,False,0.005681818181818177
13,Sorrel 1,0.22857142857142856,35,8,False,0.2,40,8,False,0.028571428571428553
13,Sorrel 2,0.17857142857142858,28,5,False,0.1388888888888889,36,5,False,0.03968253968253968
14,Menard 2,0.16326530612244897,49,8,False,0.1509433962264151,53,8,False,0.012321909896033878
14,Other,0.029411764705882353,34,1,False,0.02631578947368421,38,1,False,0.0030959752321981435
14,Sorrel 0,0.07317073170731707,41,3,False,0.08333333333333333,48,4,False,0.01016260162601626
14,Sorrel 1,0.22580645161290322,31,7,False,0.1891891891891892,37,7,False,0.03661726242371402
14,Sorrel 2,0.12903225806451613,31,4,False,0.09090909090909091,44,4,False,0.038123167155425214
15,Menard 2,0.15555555555555556,45,7,False,0.14285714285714285,49,7,False,0.012698412698412709
15,Other,0.09090909090909091,11,1,False,0.09090909090909091,11,1,False,0.0
15,Sorrel 0,0.10344827586206896,29,3,False,0.11764705882352941,34,4,False,0.014198782961460446
15,Sorrel 2,0.1111111111111111,27,3,False,0.075,40,3,False,0.03611111111111111
16,Other,0.06666666666666667,15,1,False,0.06666666666666667,15,1,False,0.0
16,Sorrel 0,0.07692307692307693,26,2,False,0.1,30,3,False,0.023076923076923078
16,Sorrel 2,0.17857142857142858,28,5,False,0.1282051282051282,39,5,False,0.05036630036630038
