beta,gamma,epsilon,loss
0.0006819443336702309,0.0016666666666666668,0.0007071067811865475,0.005160729769097322
0.0006819443336702309,0.0016666666666666668,0.0002659147948472494,0.005205874374953722
0.0003333333333333333,0.0016666666666666668,0.0007071067811865475,0.0052249255791217844
0.0006819443336702309,0.0029913715356321494,0.0007071067811865475,0.0052450571213017464
0.0013951442226748062,0.0029913715356321494,0.0002659147948472494,0.0053456281539153725
0.0013951442226748062,0.0016666666666666668,0.0002659147948472494,0.005385015078524383
0.0013951442226748062,0.0016666666666666668,0.0001,0.005417535837450158
0.0006819443336702309,0.0016666666666666668,0.0001,0.0054214070223900625
0.0003333333333333333,0.0029913715356321494,0.0007071067811865475,0.0054869517303531715
0.0003333333333333333,0.005368982198514137,0.0018803015465431966,0.00552509874740309
0.0013951442226748062,0.0029913715356321494,0.0001,0.005531825852996796
0.0003333333333333333,0.0016666666666666668,0.0002659147948472494,0.005541109900100661
0.0013951442226748062,0.0029913715356321494,0.0007071067811865475,0.005559944089345965
0.0013951442226748062,0.005368982198514137,0.0007071067811865475,0.005595216947669599
0.0006819443336702309,0.0029913715356321494,0.0002659147948472494,0.005600695966510411
0.0006819443336702309,0.005368982198514137,0.0018803015465431966,0.005652380014682255
0.0013951442226748062,0.009636372314370539,0.0018803015465431966,0.005810348160777725
0.0006819443336702309,0.009636372314370539,0.0018803015465431966,0.005863129446888672
0.0003333333333333333,0.0016666666666666668,0.0001,0.005879206260160428
0.0003333333333333333,0.0029913715356321494,0.0018803015465431966,0.0059174726418398035
0.0006819443336702309,0.0029913715356321494,0.0001,0.005927739958892232
0.0013951442226748062,0.005368982198514137,0.0002659147948472494,0.00594467425936008
0.0006819443336702309,0.005368982198514137,0.0007071067811865475,0.005978080301036975
0.0013951442226748062,0.0016666666666666668,0.0007071067811865475,0.005987568478551272
0.0003333333333333333,0.0029913715356321494,0.0002659147948472494,0.006106454787272588
0.0003333333333333333,0.009636372314370539,0.0018803015465431966,0.0061122767920576936
0.002854232091917527,0.005368982198514137,0.0001,0.0062031928647013025
0.002854232091917527,0.005368982198514137,0.0002659147948472494,0.006274253291808375
0.0013951442226748062,0.005368982198514137,0.0001,0.006278044609651719
0.0006819443336702309,0.0029913715356321494,0.0018803015465431966,0.006310211086622378
0.002854232091917527,0.0029913715356321494,0.0001,0.006379197620562253
0.0003333333333333333,0.005368982198514137,0.0007071067811865475,0.006438709319263985
0.0003333333333333333,0.0029913715356321494,0.0001,0.006539835442138555
0.002854232091917527,0.009636372314370539,0.0007071067811865475,0.006611336430564624
0.0003333333333333333,0.0016666666666666668,0.0018803015465431966,0.006631463941262864
0.002854232091917527,0.0029913715356321494,0.0002659147948472494,0.006664164044011087
0.0006819443336702309,0.005368982198514137,0.0002659147948472494,0.006756245822729371
0.002854232091917527,0.01729558190877702,0.0018803015465431966,0.00676553378366934
0.002854232091917527,0.005368982198514137,0.0007071067811865475,0.006798886422807574
0.002854232091917527,0.009636372314370539,0.0002659147948472494,0.006890445244314986
0.002854232091917527,0.009636372314370539,0.0018803015465431966,0.006925486167440236
0.0013951442226748062,0.005368982198514137,0.0018803015465431966,0.006950579346284673
0.002854232091917527,0.009636372314370539,0.0001,0.006998011428123037
0.002854232091917527,0.0016666666666666668,0.0001,0.00719143589289535
0.0006819443336702309,0.005368982198514137,0.0001,0.007209778044526787
0.0013951442226748062,0.009636372314370539,0.0007071067811865475,0.007265651967420318
0.0006819443336702309,0.0016666666666666668,0.0018803015465431966,0.007303952129626916
0.0003333333333333333,0.01729558190877702,0.005,0.007318862001896697
0.0006819443336702309,0.01729558190877702,0.005,0.007359777869828525
0.0003333333333333333,0.005368982198514137,0.0002659147948472494,0.007446040090910819
0.002854232091917527,0.0016666666666666668,0.0002659147948472494,0.007700122068563539
0.002854232091917527,0.0029913715356321494,0.0007071067811865475,0.00779924267274702
0.0013951442226748062,0.01729558190877702,0.0018803015465431966,0.007964905101337115
0.0003333333333333333,0.005368982198514137,0.0001,0.007991224238940255
0.0013951442226748062,0.01729558190877702,0.005,0.008130329724187013
0.002854232091917527,0.031042506848465927,0.005,0.008134553019608092
0.0013951442226748062,0.009636372314370539,0.0002659147948472494,0.00827079996939672
0.0006819443336702309,0.009636372314370539,0.0007071067811865475,0.008392669380860151
0.005839282206188663,0.01729558190877702,0.0018803015465431966,0.008452663656578098
0.0013951442226748062,0.0029913715356321494,0.0018803015465431966,0.008456648506592779
0.0013951442226748062,0.031042506848465927,0.005,0.008509994684115793
0.005839282206188663,0.01729558190877702,0.0007071067811865475,0.008642930004400624
0.005839282206188663,0.009636372314370539,0.0001,0.008693499103523548
0.0013951442226748062,0.009636372314370539,0.0001,0.008833356240385299
0.0006819443336702309,0.01729558190877702,0.0018803015465431966,0.008946888673155896
0.005839282206188663,0.01729558190877702,0.0002659147948472494,0.008959058011328435
0.005839282206188663,0.01729558190877702,0.0001,0.009069578113341165
0.0003333333333333333,0.009636372314370539,0.0007071067811865475,0.009088732497952109
0.005839282206188663,0.009636372314370539,0.0002659147948472494,0.009133283511273405
0.0006819443336702309,0.031042506848465927,0.005,0.009144756101086799
0.005839282206188663,0.031042506848465927,0.005,0.009188907649712676
0.002854232091917527,0.0016666666666666668,0.0007071067811865475,0.00919527510971241
0.0003333333333333333,0.031042506848465927,0.005,0.009505252997334148
0.0003333333333333333,0.01729558190877702,0.0018803015465431966,0.009566533354998675
0.005839282206188663,0.009636372314370539,0.0007071067811865475,0.009589149347574108
0.0006819443336702309,0.009636372314370539,0.0002659147948472494,0.009721224517304576
0.002854232091917527,0.01729558190877702,0.0007071067811865475,0.009775653507211334
0.0013951442226748062,0.0016666666666666668,0.0018803015465431966,0.01003190174302756
0.011946196239635295,0.031042506848465927,0.0018803015465431966,0.010206186293232207
0.002854232091917527,0.005368982198514137,0.0018803015465431966,0.010291786481016998
0.0006819443336702309,0.009636372314370539,0.0001,0.01040214111183095
0.002854232091917527,0.01729558190877702,0.005,0.010558893951690981
0.0003333333333333333,0.009636372314370539,0.0002659147948472494,0.010624094965322569
0.005839282206188663,0.031042506848465927,0.0018803015465431966,0.010667435007199745
0.011946196239635295,0.05571580282870019,0.005,0.010800145828630998
0.002854232091917527,0.01729558190877702,0.0002659147948472494,0.011049922059297364
0.0003333333333333333,0.009636372314370539,0.0001,0.011323236271740235
0.005839282206188663,0.005368982198514137,0.0001,0.011364269847092113
0.0003333333333333333,0.009636372314370539,0.005,0.011418870474930993
0.011946196239635295,0.031042506848465927,0.0007071067811865475,0.01146296629719637
0.002854232091917527,0.01729558190877702,0.0001,0.011592982570571855
0.005839282206188663,0.005368982198514137,0.0002659147948472494,0.011808192976164521
0.011946196239635295,0.031042506848465927,0.0002659147948472494,0.011903641258564763
0.0013951442226748062,0.01729558190877702,0.0007071067811865475,0.012018189455118176
0.011946196239635295,0.01729558190877702,0.0001,0.012155691639247672
0.0006819443336702309,0.009636372314370539,0.005,0.012203639985902157
0.011946196239635295,0.01729558190877702,0.0002659147948472494,0.012339606773293058
0.011946196239635295,0.031042506848465927,0.0001,0.012358523312659212
0.005839282206188663,0.05571580282870019,0.005,0.012630550401120537
0.005839282206188663,0.009636372314370539,0.0018803015465431966,0.012869453464744418
0.002854232091917527,0.0029913715356321494,0.0018803015465431966,0.012972945259246449
0.002854232091917527,0.031042506848465927,0.0018803015465431966,0.01300691481472707
0.005839282206188663,0.0029913715356321494,0.0001,0.013032898068366132
0.011946196239635295,0.01729558190877702,0.0007071067811865475,0.013198628724202879
0.005839282206188663,0.005368982198514137,0.0007071067811865475,0.01350164393532878
0.0006819443336702309,0.01729558190877702,0.0007071067811865475,0.013681916490427356
0.005839282206188663,0.0029913715356321494,0.0002659147948472494,0.01376262684752669
0.0013951442226748062,0.01729558190877702,0.0002659147948472494,0.013868225728252038
0.024439922503595723,0.05571580282870019,0.0018803015465431966,0.013940600270885234
0.005839282206188663,0.031042506848465927,0.0007071067811865475,0.014286506249143708
0.002854232091917527,0.05571580282870019,0.005,0.01441460772764014
0.0003333333333333333,0.01729558190877702,0.0007071067811865475,0.014523599174372993
0.0013951442226748062,0.01729558190877702,0.0001,0.014724623832005429
0.011946196239635295,0.031042506848465927,0.005,0.01472732762482659
0.0013951442226748062,0.009636372314370539,0.005,0.014803856004233885
0.0013951442226748062,0.031042506848465927,0.0018803015465431966,0.014952542969420087
0.024439922503595723,0.05571580282870019,0.0007071067811865475,0.015020845988825167
0.005839282206188663,0.0016666666666666668,0.0001,0.01504582092786001
0.024439922503595723,0.1,0.005,0.015385708593150468
0.024439922503595723,0.05571580282870019,0.005,0.015542791244197
0.005839282206188663,0.031042506848465927,0.0002659147948472494,0.015549412082811354
0.002854232091917527,0.0016666666666666668,0.0018803015465431966,0.015579916741596611
0.0006819443336702309,0.01729558190877702,0.0002659147948472494,0.015664198676810556
0.024439922503595723,0.05571580282870019,0.0002659147948472494,0.01573408305630977
0.011946196239635295,0.05571580282870019,0.0018803015465431966,0.01574499114616396
0.0013951442226748062,0.05571580282870019,0.005,0.015923241633818065
0.005839282206188663,0.0016666666666666668,0.0002659147948472494,0.016069227310381542
0.005839282206188663,0.031042506848465927,0.0001,0.016281928904520005
0.024439922503595723,0.05571580282870019,0.0001,0.016298633158637485
0.005839282206188663,0.0029913715356321494,0.0007071067811865475,0.016302833653726062
0.011946196239635295,0.01729558190877702,0.0018803015465431966,0.0163105365174133
0.0006819443336702309,0.01729558190877702,0.0001,0.016398042487837536
0.0003333333333333333,0.01729558190877702,0.0002659147948472494,0.01659606783650044
0.0006819443336702309,0.031042506848465927,0.0018803015465431966,0.016599950623208765
0.0006819443336702309,0.05571580282870019,0.005,0.016603162355417873
0.05,0.1,0.005,0.01662198160599629
0.0003333333333333333,0.05571580282870019,0.005,0.01701568049553805
0.0003333333333333333,0.031042506848465927,0.0018803015465431966,0.0171395279651014
0.0003333333333333333,0.01729558190877702,0.0001,0.017313105955898037
0.024439922503595723,0.031042506848465927,0.0001,0.017334448043848618
0.024439922503595723,0.031042506848465927,0.0002659147948472494,0.017403207787683426
0.005839282206188663,0.01729558190877702,0.005,0.017416557986358005
0.0003333333333333333,0.005368982198514137,0.005,0.017628874909344873
0.002854232091917527,0.031042506848465927,0.0007071067811865475,0.01799349431030604
0.024439922503595723,0.031042506848465927,0.0007071067811865475,0.018388138215184993
0.05,0.1,0.0018803015465431966,0.018427970739731306
0.011946196239635295,0.1,0.005,0.018976883228860444
0.005839282206188663,0.0016666666666666668,0.0007071067811865475,0.0191476393331584
0.0006819443336702309,0.005368982198514137,0.005,0.01923566364310848
0.011946196239635295,0.009636372314370539,0.0001,0.019252776416140586
0.011946196239635295,0.05571580282870019,0.0007071067811865475,0.019597811740581575
0.005839282206188663,0.05571580282870019,0.0018803015465431966,0.01972931562168825
0.005839282206188663,0.005368982198514137,0.0018803015465431966,0.019898400488812366
0.002854232091917527,0.031042506848465927,0.0002659147948472494,0.019966862653971455
0.05,0.1,0.0007071067811865475,0.020061712040177853
0.002854232091917527,0.009636372314370539,0.005,0.02013989936564889
0.011946196239635295,0.009636372314370539,0.0002659147948472494,0.020203267210015634
0.0013951442226748062,0.031042506848465927,0.0007071067811865475,0.020638362345977736
0.002854232091917527,0.031042506848465927,0.0001,0.02085244350603346
0.024439922503595723,0.1,0.0018803015465431966,0.021172744939927726
0.011946196239635295,0.05571580282870019,0.0002659147948472494,0.021228330104873867
0.05,0.1,0.0002659147948472494,0.02124909696882176
0.05,0.1,0.0001,0.021494562860147108
0.011946196239635295,0.05571580282870019,0.0001,0.02184635649256957
0.005839282206188663,0.1,0.005,0.022045961716071937
0.0003333333333333333,0.0029913715356321494,0.005,0.022080264887876608
0.0006819443336702309,0.031042506848465927,0.0007071067811865475,0.022128030702785184
0.011946196239635295,0.009636372314370539,0.0007071067811865475,0.022196174642763147
0.024439922503595723,0.031042506848465927,0.0018803015465431966,0.022211024172133394
0.0003333333333333333,0.031042506848465927,0.0007071067811865475,0.022674716558394238
0.0013951442226748062,0.031042506848465927,0.0002659147948472494,0.022847616616726525
0.002854232091917527,0.05571580282870019,0.0018803015465431966,0.02300903273158151
0.0013951442226748062,0.005368982198514137,0.005,0.02337089861897247
0.0013951442226748062,0.031042506848465927,0.0001,0.023719597048504907
0.05,0.05571580282870019,0.0001,0.023989281302190735
0.05,0.05571580282870019,0.0002659147948472494,0.02408352077027571
0.002854232091917527,0.1,0.005,0.0241066829608811
0.0006819443336702309,0.0029913715356321494,0.005,0.024161444646112442
0.0006819443336702309,0.031042506848465927,0.0002659147948472494,0.02433618948903116
0.024439922503595723,0.1,0.0007071067811865475,0.024487262419244298
0.005839282206188663,0.0029913715356321494,0.0018803015465431966,0.024641604532476127
0.005839282206188663,0.05571580282870019,0.0007071067811865475,0.024643340375948054
0.05,0.05571580282870019,0.0007071067811865475,0.02474305133658987
0.0003333333333333333,0.031042506848465927,0.0002659147948472494,0.024749987206042445
0.0013951442226748062,0.05571580282870019,0.0018803015465431966,0.024980559139770063
0.0006819443336702309,0.031042506848465927,0.0001,0.025116266015177784
0.0013951442226748062,0.1,0.005,0.025294683904332538
0.0003333333333333333,0.031042506848465927,0.0001,0.02546752516380015
0.0006819443336702309,0.1,0.005,0.025787976440265512
0.0006819443336702309,0.05571580282870019,0.0018803015465431966,0.026012945590647603
0.0003333333333333333,0.1,0.005,0.02602837010796017
0.0003333333333333333,0.0016666666666666668,0.005,0.026064820514989404
0.024439922503595723,0.1,0.0002659147948472494,0.026090762185106482
0.011946196239635295,0.005368982198514137,0.0001,0.026117693908249393
0.0003333333333333333,0.05571580282870019,0.0018803015465431966,0.02643388414125971
0.024439922503595723,0.1,0.0001,0.026442422401686438
0.011946196239635295,0.1,0.0018803015465431966,0.02660640128275025
0.005839282206188663,0.05571580282870019,0.0002659147948472494,0.026859141158739486
0.05,0.05571580282870019,0.0018803015465431966,0.026895986319205995
0.011946196239635295,0.005368982198514137,0.0002659147948472494,0.027525207127721146
0.005839282206188663,0.05571580282870019,0.0001,0.02764322122099394
0.002854232091917527,0.05571580282870019,0.0007071067811865475,0.028021120315120107
0.0006819443336702309,0.0016666666666666668,0.005,0.02865766284017201
0.005839282206188663,0.0016666666666666668,0.0018803015465431966,0.028822221432092936
0.0013951442226748062,0.0029913715356321494,0.005,0.02941271554636159
0.011946196239635295,0.009636372314370539,0.0018803015465431966,0.029583267044516654
0.005839282206188663,0.1,0.0018803015465431966,0.030017915860750623
0.0013951442226748062,0.05571580282870019,0.0007071067811865475,0.030141041706200664
0.002854232091917527,0.05571580282870019,0.0002659147948472494,0.030217347172686655
0.011946196239635295,0.005368982198514137,0.0007071067811865475,0.030761331594803275
0.011946196239635295,0.0029913715356321494,0.0001,0.03090695036476277
0.011946196239635295,0.1,0.0007071067811865475,0.030941250120265038
0.0006819443336702309,0.05571580282870019,0.0007071067811865475,0.030943754655203267
0.002854232091917527,0.05571580282870019,0.0001,0.03096748147080035
0.002854232091917527,0.005368982198514137,0.005,0.030987551458372037
0.0003333333333333333,0.05571580282870019,0.0007071067811865475,0.03110776023572216
0.024439922503595723,0.01729558190877702,0.0001,0.03130983489657792
0.002854232091917527,0.1,0.0018803015465431966,0.032048282304753865
0.0013951442226748062,0.05571580282870019,0.0002659147948472494,0.032216794825375025
0.011946196239635295,0.0029913715356321494,0.0002659147948472494,0.032379413915410826
0.024439922503595723,0.01729558190877702,0.0002659147948472494,0.03259031495501496
0.005839282206188663,0.009636372314370539,0.005,0.03268933577614795
0.0006819443336702309,0.05571580282870019,0.0002659147948472494,0.03274327820263858
0.0013951442226748062,0.05571580282870019,0.0001,0.0328217395474232
0.0003333333333333333,0.05571580282870019,0.0002659147948472494,0.0328699881297798
0.0013951442226748062,0.1,0.0018803015465431966,0.032955349123004685
0.011946196239635295,0.01729558190877702,0.005,0.03295730982818502
0.011946196239635295,0.1,0.0002659147948472494,0.03322533805294318
0.0006819443336702309,0.05571580282870019,0.0001,0.03327564415244784
0.0006819443336702309,0.1,0.0018803015465431966,0.03334013783699217
0.0003333333333333333,0.05571580282870019,0.0001,0.03342468893583827
0.0003333333333333333,0.1,0.0018803015465431966,0.033484307014956714
0.011946196239635295,0.1,0.0001,0.03388410971632718
0.005839282206188663,0.1,0.0007071067811865475,0.033984145307725214
0.0013951442226748062,0.0016666666666666668,0.005,0.03442694129019736
0.011946196239635295,0.0016666666666666668,0.0001,0.034928169102328675
0.024439922503595723,0.031042506848465927,0.005,0.03541098379355745
0.05,0.05571580282870019,0.005,0.03550855545182197
0.002854232091917527,0.1,0.0007071067811865475,0.03565597180212203
0.024439922503595723,0.01729558190877702,0.0007071067811865475,0.035856280780821675
0.005839282206188663,0.1,0.0002659147948472494,0.036075701015128914
0.0013951442226748062,0.1,0.0007071067811865475,0.03639793673151794
0.0006819443336702309,0.1,0.0007071067811865475,0.036676949984280886
0.011946196239635295,0.0016666666666666668,0.0002659147948472494,0.03669950538402088
0.005839282206188663,0.1,0.0001,0.03671617732840786
0.0003333333333333333,0.1,0.0007071067811865475,0.036747630468419466
0.011946196239635295,0.0029913715356321494,0.0007071067811865475,0.036779626831865114
0.002854232091917527,0.1,0.0002659147948472494,0.037379076021102874
0.002854232091917527,0.1,0.0001,0.037842848186697926
0.0013951442226748062,0.1,0.0002659147948472494,0.03797336870354459
0.0006819443336702309,0.1,0.0002659147948472494,0.0381520594756697
0.0003333333333333333,0.1,0.0002659147948472494,0.03818845597529097
0.002854232091917527,0.0029913715356321494,0.005,0.03829617016147399
0.0013951442226748062,0.1,0.0001,0.03836128755026898
0.0006819443336702309,0.1,0.0001,0.038512175764481404
0.0003333333333333333,0.1,0.0001,0.0385488252037384
0.011946196239635295,0.0016666666666666668,0.0007071067811865475,0.04132516386535058
0.011946196239635295,0.005368982198514137,0.0018803015465431966,0.042071819262109185
0.024439922503595723,0.01729558190877702,0.0018803015465431966,0.04392010037902315
0.002854232091917527,0.0016666666666666668,0.005,0.04466779640292143
0.005839282206188663,0.005368982198514137,0.005,0.04802516622444193
0.05,0.031042506848465927,0.0001,0.049175168791957935
0.011946196239635295,0.0029913715356321494,0.0018803015465431966,0.04949437931458549
0.05,0.031042506848465927,0.0002659147948472494,0.04992865970472471
0.024439922503595723,0.009636372314370539,0.0001,0.05074611827593237
0.024439922503595723,0.009636372314370539,0.0002659147948472494,0.052725896140579584
0.05,0.031042506848465927,0.0007071067811865475,0.05273242878182445
0.011946196239635295,0.0016666666666666668,0.0018803015465431966,0.05500699579134061
0.011946196239635295,0.009636372314370539,0.005,0.05698156336948072
0.024439922503595723,0.009636372314370539,0.0007071067811865475,0.057444599275957436
0.005839282206188663,0.0029913715356321494,0.005,0.0576675240243567
0.05,0.031042506848465927,0.0018803015465431966,0.05910744451210663
0.005839282206188663,0.0016666666666666668,0.005,0.06578099624570537
0.024439922503595723,0.005368982198514137,0.0001,0.06706993912695135
0.024439922503595723,0.01729558190877702,0.005,0.06800150830113266
0.024439922503595723,0.009636372314370539,0.0018803015465431966,0.06897191179886333
0.024439922503595723,0.005368982198514137,0.0002659147948472494,0.06969158793794131
0.024439922503595723,0.005368982198514137,0.0007071067811865475,0.07533626074984787
0.024439922503595723,0.0029913715356321494,0.0001,0.07631735831242431
0.011946196239635295,0.005368982198514137,0.005,0.0777805764554457
0.05,0.031042506848465927,0.005,0.07786808584080336
0.024439922503595723,0.0029913715356321494,0.0002659147948472494,0.07921105745146993
0.024439922503595723,0.0016666666666666668,0.0001,0.08292787215428551
0.024439922503595723,0.0029913715356321494,0.0007071067811865475,0.08542513013266077
0.024439922503595723,0.0016666666666666668,0.0002659147948472494,0.08611499266594984
0.05,0.01729558190877702,0.0001,0.08668203619583209
0.05,0.01729558190877702,0.0002659147948472494,0.08790283024930697
0.011946196239635295,0.0029913715356321494,0.005,0.09015962799902418
0.024439922503595723,0.005368982198514137,0.0018803015465431966,0.09084889525786193
0.05,0.01729558190877702,0.0007071067811865475,0.09148018872228074
0.024439922503595723,0.0016666666666666668,0.0007071067811865475,0.09251922258373617
0.011946196239635295,0.0016666666666666668,0.005,0.09911482775065003
0.05,0.01729558190877702,0.0018803015465431966,0.10193351733285062
0.024439922503595723,0.0029913715356321494,0.0018803015465431966,0.10245173442325159
0.024439922503595723,0.009636372314370539,0.005,0.10364891678124516
0.024439922503595723,0.0016666666666666668,0.0018803015465431966,0.11039616452787751
0.05,0.009636372314370539,0.0001,0.12292047066875762
0.05,0.009636372314370539,0.0002659147948472494,0.1244217440138605
0.05,0.009636372314370539,0.0007071067811865475,0.12919302578873088
0.05,0.01729558190877702,0.005,0.12986576680086662
0.024439922503595723,0.005368982198514137,0.005,0.13177214403455512
0.05,0.009636372314370539,0.0018803015465431966,0.14322590770769536
0.024439922503595723,0.0029913715356321494,0.005,0.14817728065892777
0.05,0.005368982198514137,0.0001,0.14912643521141436
0.05,0.005368982198514137,0.0002659147948472494,0.15086092194869946
0.05,0.005368982198514137,0.0007071067811865475,0.15636463684951143
0.024439922503595723,0.0016666666666666668,0.005,0.1593605797206735
0.05,0.0029913715356321494,0.0001,0.16552469643210765
0.05,0.0029913715356321494,0.0002659147948472494,0.16740399664555236
0.05,0.005368982198514137,0.0018803015465431966,0.17304424695228957
0.05,0.0029913715356321494,0.0007071067811865475,0.17345674020785784
0.05,0.0016666666666666668,0.0001,0.17613688062809946
0.05,0.009636372314370539,0.005,0.1777802829263207
0.05,0.0016666666666666668,0.0002659147948472494,0.17815750242252312
0.05,0.0016666666666666668,0.0007071067811865475,0.18450345401320675
0.05,0.0029913715356321494,0.0018803015465431966,0.1909824632225309
0.05,0.0016666666666666668,0.0018803015465431966,0.20237647099926978
0.05,0.005368982198514137,0.005,0.21090102687038403
0.05,0.0029913715356321494,0.005,0.23084031170722008
0.05,0.0016666666666666668,0.005,0.24412327696770444
