trajectory,scenario,seed_ward,n_seeds,beta,gamma,epsilon,ic_seed,param_seed,dyn_seed
0,endemic,,,0.0006482781277544973,0.002353956238761175,0.0007071067811865475,191664963,1662057957,1405681631
1,endemic,,,0.0008554007156444378,0.0010749449475258562,0.0007071067811865475,942484272,929893137,1843824992
2,endemic,,,0.00040673226008018507,0.0029085574142645346,0.0007071067811865475,184566854,1497586438,432652533
3,endemic,,,0.00037647088399728537,0.0009364842267606152,0.0007071067811865475,202244314,1130604997,2095133045
4,endemic,,,0.0004099401880964245,0.0020012047479218494,0.0007071067811865475,1580016183,1634535062,1540770719
5,endemic,,,0.0012434582578249992,0.0028685420019517365,0.0007071067811865475,1688060240,1102145672,275121930
6,endemic,,,0.0007985468532126697,0.0026159446371194026,0.0007071067811865475,1803345590,967196436,1074497555
7,endemic,,,0.0007743032478702615,0.0029319917728083326,0.0007071067811865475,796282693,392022359,1990212658
8,endemic,,,0.0011539682632784852,0.00124692566212123,0.0007071067811865475,1678403330,1382689815,864178266
9,endemic,,,0.0012611669141720959,0.002515962211493783,0.0007071067811865475,1766867109,1171300112,952224740
10,endemic,,,0.0011739936562349968,0.0014140565127884412,0.0007071067811865475,967354524,487991438,197860368
11,endemic,,,0.0012152595111493058,0.0018692689436426082,0.0007071067811865475,1190961760,1906728918,137046513
12,endemic,,,0.0007404824132765511,0.00229960699654744,0.0007071067811865475,1843166518,1777324407,594336917
13,endemic,,,0.001143350936888966,0.0011689486033987907,0.0007071067811865475,1356488967,354826746,1627981024
14,endemic,,,0.0005980602765711495,0.003281839337888218,0.0007071067811865475,1504361614,761338718,145857092
15,endemic,,,0.0012431614978038418,0.0028646059477764906,0.0007071067811865475,2084558133,957106589,1917963002
16,endemic,,,0.0008042078407724373,0.00231661861906072,0.0007071067811865475,1455819991,1671565830,1631871623
17,endemic,,,0.0007932886986827663,0.002527976391960961,0.0007071067811865475,417983441,781482251,1002275723
18,endemic,,,0.0011098447766713332,0.001885209042659737,0.0007071067811865475,1068999196,94067870,1173749071
19,endemic,,,0.0013486066254629098,0.0028761163570105424,0.0007071067811865475,331334160,1596387604,1466836456
20,endemic,,,0.0006691030067290983,0.002759509211728597,0.0007071067811865475,1981113449,1599364550,787359109
21,endemic,,,0.0012048712887821578,0.0029405990971928374,0.0007071067811865475,2077711328,882294416,699704628
22,endemic,,,0.0012281325788335272,0.0013478486412581525,0.0007071067811865475,1944623248,795556160,163945743
23,endemic,,,0.0013075275246720018,0.0032574314765063334,0.0007071067811865475,1008363426,1708709735,406886644
24,endemic,,,0.001326880747844944,0.0024409215882228003,0.0007071067811865475,994157306,279004307,1474200731
25,endemic,,,0.0013075086844684554,0.0029336744847603706,0.0007071067811865475,1021568549,709091226,487284116
26,endemic,,,0.000765128911982188,0.002969825199074737,0.0007071067811865475,1212254290,1438414599,2019291964
27,endemic,,,0.0011250631432073064,0.001972647697623275,0.0007071067811865475,938776596,345075200,1788162809
28,endemic,,,0.0006358867152907046,0.001876207009409566,0.0007071067811865475,1352408538,1503807854,208792607
29,endemic,,,0.0005797532310265966,0.000909679658106987,0.0007071067811865475,670802254,1648932249,1787264313
30,endemic,,,0.0011307376354876028,0.002897500695476021,0.0007071067811865475,934620676,1728218297,1807519524
31,endemic,,,0.0007999823035530486,0.0029201969601834257,0.0007071067811865475,832103482,1928628490,619179887
32,endemic,,,0.00048673953760248464,0.003108220636615097,0.0007071067811865475,514446424,1465647933,1367435607
33,endemic,,,0.0010317738586070563,0.0017750661478269914,0.0007071067811865475,300116172,1788288545,429299595
34,endemic,,,0.0007942917786480547,0.0025005528936668693,0.0007071067811865475,1728507682,15810353,1711206423
35,endemic,,,0.0008521893501859057,0.0019210440907356664,0.0007071067811865475,1689907231,1675819612,1427756341
36,endemic,,,0.0004413546177379546,0.002581824125448071,0.0007071067811865475,1012682731,1514331118,595114158
37,endemic,,,0.0011660362990322892,0.00261035190328216,0.0007071067811865475,1676602826,1193242761,985514123
38,endemic,,,0.0011835109426074789,0.0015022827163797506,0.0007071067811865475,1085781155,1221362417,80020205
39,endemic,,,0.00109843736103225,0.0009829303775391578,0.0007071067811865475,300211767,527166790,245951459
40,endemic,,,0.001315801533092719,0.0013389903741604736,0.0007071067811865475,944062962,1435384429,1405375274
41,endemic,,,0.0011019588078935438,0.0014525420720829239,0.0007071067811865475,1011671398,1836270333,1213835294
42,endemic,,,0.0004927369937915821,0.002856530485778363,0.0007071067811865475,170075129,1642822536,1233945442
43,endemic,,,0.0013213980358433512,0.0031943824232969187,0.0007071067811865475,1363047212,1214129970,1188802709
44,endemic,,,0.0004835554434040109,0.001592742796112294,0.0007071067811865475,194489917,1200888232,1707061844
45,endemic,,,0.00048719660433422986,0.001803119133702082,0.0007071067811865475,652727864,1294585270,66180795
46,endemic,,,0.0011667359953987757,0.0018082666814665462,0.0007071067811865475,746248853,937843451,2110414630
47,endemic,,,0.00040840400016885946,0.0014213442936425117,0.0007071067811865475,460817075,593883018,877308581
48,endemic,,,0.0007142862813051389,0.003280869237740755,0.0007071067811865475,2131733183,1832669143,74502574
49,endemic,,,0.0009437418846177732,0.0031516659012798117,0.0007071067811865475,502381220,1764532444,125204183
50,endemic,,,0.0005366210065713329,0.0008666325844919954,0.0007071067811865475,1837539164,604267306,1970642945
51,endemic,,,0.0003604442160546697,0.0027660062815335197,0.0007071067811865475,630487793,932688237,1421454890
52,endemic,,,0.0004493392033650005,0.002666394609147552,0.0007071067811865475,271185813,1196217437,1084512517
53,endemic,,,0.0013527031008733054,0.0016806124083735717,0.0007071067811865475,1683408584,2139123293,1426602463
54,endemic,,,0.0013101007966352142,0.002741857667891682,0.0007071067811865475,878721193,872709139,897559571
55,endemic,,,0.0010956844141722256,0.0018869330114443896,0.0007071067811865475,1748095464,689805532,358571614
56,endemic,,,0.00135370974597081,0.0009211891975339889,0.0007071067811865475,717885406,48773805,227939460
57,endemic,,,0.0008697513507363227,0.0029004810442446794,0.0007071067811865475,193376308,1656896191,1551254892
58,endemic,,,0.0006841469600957483,0.0031795998580204576,0.0007071067811865475,1496303881,991873798,1539871429
59,endemic,,,0.0008869960308024627,0.0010845061558816145,0.0007071067811865475,346328507,1934070332,1075985460
60,endemic,,,0.0012033911356359654,0.003101904934658274,0.0007071067811865475,2014450023,327087749,1068008205
61,endemic,,,0.00037114959961001434,0.0020843251535626974,0.0007071067811865475,1495336618,1064348452,958113305
62,endemic,,,0.0009298987073459211,0.003055643221163429,0.0007071067811865475,356942048,818236852,512746651
63,endemic,,,0.0005605753541380601,0.00319643633455115,0.0007071067811865475,647492280,1468235991,1353521561
64,endemic,,,0.0007911192343776346,0.0010413747212837496,0.0007071067811865475,1303944407,776986664,2060924129
65,endemic,,,0.001231520821962372,0.0013705358106156631,0.0007071067811865475,188226767,735708085,253415744
66,endemic,,,0.0005813723263566007,0.001328494131611056,0.0007071067811865475,727876280,2065659504,786544956
67,endemic,,,0.000976097651693813,0.002205679537808413,0.0007071067811865475,1951162175,1063145406,1502609627
68,endemic,,,0.0013247268446104732,0.001141974934592617,0.0007071067811865475,982296571,570951394,1641170252
69,endemic,,,0.0012137612584491662,0.002244501489966748,0.0007071067811865475,2081290421,565915328,1672354831
70,endemic,,,0.0003829957750231125,0.0011579822526268442,0.0007071067811865475,560793881,1539509957,1694378689
71,endemic,,,0.0004136305412106038,0.0030741608502809874,0.0007071067811865475,964996477,1582522787,584634301
72,endemic,,,0.0005065339988691198,0.0017904729570356597,0.0007071067811865475,170195625,206998014,959976127
73,endemic,,,0.0009886340690060634,0.0010401828270414112,0.0007071067811865475,1938323886,273969198,978772129
74,endemic,,,0.0006307705298165728,0.002764988929570712,0.0007071067811865475,1511897336,434572016,1549659415
75,endemic,,,0.0005897615105662802,0.0018478479969749374,0.0007071067811865475,657036846,1736585729,1243864551
76,endemic,,,0.0006331676784766632,0.001922371707396955,0.0007071067811865475,1174474423,379616660,994727115
77,endemic,,,0.0006602118097770399,0.0029017594194384886,0.0007071067811865475,1839565166,41927453,1628908286
78,endemic,,,0.001066433410854557,0.0015205875572848174,0.0007071067811865475,1058199178,1545034932,1424421635
79,endemic,,,0.000512489012309041,0.002342204430055029,0.0007071067811865475,927912736,662857765,1347135476
80,endemic,,,0.0013401913099933866,0.0010786261745883944,0.0007071067811865475,301129327,1254340836,203355303
81,endemic,,,0.0005343873103911428,0.0018314825535563422,0.0007071067811865475,1395534949,1350220221,181342798
82,endemic,,,0.0005784406660446637,0.0028130957481031786,0.0007071067811865475,1626692868,892939596,1689825800
83,endemic,,,0.001167235933136986,0.0013746903165200977,0.0007071067811865475,89365757,385379895,1060837206
84,endemic,,,0.0007283219980122755,0.0023291739193967782,0.0007071067811865475,404210478,708371559,1418625643
85,endemic,,,0.0012706511984822994,0.0020049951625927837,0.0007071067811865475,310363331,1455355983,222056181
86,endemic,,,0.0006380182556977409,0.0033265583909945847,0.0007071067811865475,376207307,1261957108,1703992270
87,endemic,,,0.0011834889269175923,0.002399602151353031,0.0007071067811865475,366345609,644229612,1986680325
88,endemic,,,0.0009411985036547371,0.0018513899989921932,0.0007071067811865475,2125329542,1247819294,960007120
89,endemic,,,0.0004565410494673014,0.002516202285522559,0.0007071067811865475,744897232,1315230481,1268981354
90,endemic,,,0.0009079290983515505,0.0014114762228861148,0.0007071067811865475,632977320,48970939,325340136
91,endemic,,,0.0012253178462938703,0.002934324773216052,0.0007071067811865475,2058490235,897980837,1035738743
92,endemic,,,0.0007350743277980207,0.00189627926844964,0.0007071067811865475,1003105830,1680911100,139493163
93,endemic,,,0.0010204633299258047,0.002356465307417397,0.0007071067811865475,177661321,592377449,1045090807
94,endemic,,,0.0013324615409862715,0.0019113353073392375,0.0007071067811865475,1441227900,1053785245,947401231
95,endemic,,,0.0004959969143113077,0.002683926381924004,0.0007071067811865475,2013966975,345785549,1227776642
96,endemic,,,0.0007153576469780327,0.0010575928514476856,0.0007071067811865475,1164461559,1016810745,1734302300
97,endemic,,,0.0010257740868623302,0.0017434187664171915,0.0007071067811865475,573325870,2048211625,712038999
98,endemic,,,0.0006985262802974177,0.0016747667282111332,0.0007071067811865475,1170388210,1118135469,1824884134
99,endemic,,,0.00079768939804514,0.002264487257750132,0.0007071067811865475,942555183,611085711,46411587
100,endemic,,,0.0008682092007250143,0.00145128937032012,0.0007071067811865475,780993102,1774448394,21294869
101,endemic,,,0.001133339686398694,0.0008635851781375848,0.0007071067811865475,1924490602,1165712301,301182624
102,endemic,,,0.0009662150067425789,0.0030214615180871106,0.0007071067811865475,648925167,1189783557,677943770
103,endemic,,,0.0010529558322971181,0.001424485544264355,0.0007071067811865475,233164628,1430200236,1443624606
104,endemic,,,0.0007493734538468603,0.002740806356299,0.0007071067811865475,255280512,603944951,523713818
105,endemic,,,0.0006223186642420931,0.0011847602467220046,0.0007071067811865475,1416099324,1568297830,1561209045
106,endemic,,,0.0010468487706167804,0.0016943369091234307,0.0007071067811865475,2015974417,1650657918,688653858
107,endemic,,,0.00041354726803927963,0.002789285808649105,0.0007071067811865475,231371919,1319935422,1967120457
108,endemic,,,0.00045049173204886046,0.0025389210041281795,0.0007071067811865475,2094130101,494380780,507784189
109,endemic,,,0.0007269307601139286,0.002346849032990807,0.0007071067811865475,80342852,303358152,1191536604
110,endemic,,,0.0011051626869358485,0.002614665606261107,0.0007071067811865475,1174251111,796549538,665624237
111,endemic,,,0.0003552605825341548,0.0011315621068680877,0.0007071067811865475,1781959903,987915346,1735706818
112,endemic,,,0.0005776797643729955,0.00135675600926732,0.0007071067811865475,2068481737,681050585,435377212
113,endemic,,,0.0012254386730078995,0.0014673271976142035,0.0007071067811865475,2046335868,1363289380,624741299
114,endemic,,,0.00036236262307401385,0.0010879632260461618,0.0007071067811865475,1335434157,1106076761,1944615568
115,endemic,,,0.0010920205589282257,0.000978350003104979,0.0007071067811865475,549680845,2128978352,2010138259
116,endemic,,,0.00034788525243710055,0.0017316584554274144,0.0007071067811865475,388054582,353492596,1144945579
117,endemic,,,0.0012528799446780822,0.002555242950841287,0.0007071067811865475,96444820,641663732,934363821
118,endemic,,,0.0005406580917708103,0.0031825223287049757,0.0007071067811865475,2081713330,2131110295,325429549
119,endemic,,,0.0012833777757498372,0.001972258444037724,0.0007071067811865475,1914862347,195268164,1607623479
120,endemic,,,0.0013497581327760195,0.001404018448979111,0.0007071067811865475,1816003883,1912962306,479786382
121,endemic,,,0.0012974653665815046,0.0032456203922296293,0.0007071067811865475,1918662048,249067096,1114239843
122,endemic,,,0.0006847377227002575,0.0025178393103392053,0.0007071067811865475,1008340850,678452472,47489834
123,endemic,,,0.000851421808580558,0.001873933578691527,0.0007071067811865475,1657884073,720660405,1420906742
124,endemic,,,0.0003571743591925522,0.000878339857135814,0.0007071067811865475,880940577,802423862,1903305989
125,endemic,,,0.000503190885530666,0.002326864796358417,0.0007071067811865475,202865624,1581873730,1603718477
126,endemic,,,0.0007426239274616428,0.0016342781479345434,0.0007071067811865475,816025428,563629665,11396850
127,endemic,,,0.0008809244108808045,0.0032029912890443797,0.0007071067811865475,2011790921,2035237818,517480368
128,endemic,,,0.00048246213003833233,0.0008799462620501912,0.0007071067811865475,68528458,263620652,145261942
129,endemic,,,0.0009500121923385766,0.002200893344115312,0.0007071067811865475,1784800872,1915365261,329175562
130,endemic,,,0.001290731152717386,0.0018659846015870404,0.0007071067811865475,1603610770,384975759,788575316
131,endemic,,,0.001096589035596151,0.002034894148752754,0.0007071067811865475,1287164742,1546031008,1878107680
132,endemic,,,0.0011780507952002745,0.00124728586890444,0.0007071067811865475,96174705,421840232,602387669
133,endemic,,,0.000878187718785175,0.0021980363615472015,0.0007071067811865475,666415012,2143248506,1669464176
134,endemic,,,0.001038226023362232,0.0012462575530598687,0.0007071067811865475,688090756,2086981357,1072253585
135,endemic,,,0.0007069785887447965,0.0025373595287319943,0.0007071067811865475,1075333508,931361182,309017533
136,endemic,,,0.00108081093545272,0.003011520252946068,0.0007071067811865475,2006549627,29927949,374260298
137,endemic,,,0.000855182068713732,0.0018893549628630026,0.0007071067811865475,493182568,599786824,283086056
138,endemic,,,0.0012978081668812062,0.0021659843929411073,0.0007071067811865475,38571839,1455260919,2081577187
139,endemic,,,0.001162011520629372,0.0017227768415322383,0.0007071067811865475,261633310,636804503,1087335247
140,endemic,,,0.0008507316181820706,0.002903309040276834,0.0007071067811865475,1991796158,1490917226,1645376470
141,endemic,,,0.000819271286471939,0.0015517473408729991,0.0007071067811865475,1247938414,895577530,429014944
142,endemic,,,0.001286708595174542,0.0028583315667979293,0.0007071067811865475,1856101004,1726844269,53904683
143,endemic,,,0.0008380403283064559,0.0031442061852604113,0.0007071067811865475,1536325111,181222073,1586956063
144,endemic,,,0.0004003207108644795,0.0032498662203051913,0.0007071067811865475,1773722375,281444377,931655425
145,endemic,,,0.0007727744354875776,0.0019535472361391667,0.0007071067811865475,265759269,1218229283,1991925409
146,endemic,,,0.0008591058335917982,0.0012096943271396434,0.0007071067811865475,173666039,853792669,2089760398
147,endemic,,,0.0007024487030740656,0.0027889971621688353,0.0007071067811865475,646282393,283933216,1049226247
148,endemic,,,0.0012569298002989753,0.0008839206667655453,0.0007071067811865475,1091721808,1423490056,673746274
149,endemic,,,0.0008604914233693677,0.0013225292632037893,0.0007071067811865475,2052185317,1118887812,615138587
150,outbreak,Menard 1,3.0,0.00047946886714324424,0.0021924029680945195,0.0007071067811865475,2062195150,1986010978,1071948193
151,outbreak,Sorrel 0,2.0,0.0010364975430826374,0.0012845303338298243,0.0007071067811865475,53385350,1281910532,1192278716
152,outbreak,Sorrel 0,1.0,0.0005094546692441752,0.0017076350194476831,0.0007071067811865475,318275185,1361451184,1805590444
153,outbreak,Menard 1,3.0,0.0005319781194417405,0.0018974172443619423,0.0007071067811865475,227412942,1553323531,301376989
154,outbreak,Menard 2,3.0,0.0003942596950622623,0.00100966356380008,0.0007071067811865475,1608092167,900041146,13982334
155,outbreak,Menard 2,1.0,0.001308236850649092,0.0022178222791106525,0.0007071067811865475,2074967230,356418673,1279991635
156,outbreak,Sorrel 1,3.0,0.0007949897389869687,0.0009038095807966643,0.0007071067811865475,389700052,2003652110,1585542024
157,outbreak,Menard 2,3.0,0.0011271584620488894,0.0026204949871185194,0.0007071067811865475,1727351912,927884509,1003694346
158,outbreak,Sorrel 0,1.0,0.0011477037920306918,0.0008401079936381251,0.0007071067811865475,1362151396,1685266673,1818874728
159,outbreak,Other,2.0,0.00048146759882219085,0.0025234244324876635,0.0007071067811865475,38304201,1424987187,234384947
160,outbreak,Other,2.0,0.0009435774203150803,0.002826673193096195,0.0007071067811865475,618328739,1781184386,537972942
161,outbreak,Menard 1,1.0,0.0007935309704739837,0.003229612758091972,0.0007071067811865475,1711151666,994301682,499592188
162,outbreak,Sorrel 2,1.0,0.0013427721918709255,0.003327390585228962,0.0007071067811865475,717783944,1139819015,1643141034
163,outbreak,Other,2.0,0.0005973931456956648,0.002653248206951874,0.0007071067811865475,1301409064,2004082944,1863455212
164,outbreak,Sorrel 1,2.0,0.0005107019518099568,0.0022708392858008988,0.0007071067811865475,1617814390,1295162757,622460623
165,outbreak,Sorrel 0,3.0,0.0006013856421380744,0.0013078773258750232,0.0007071067811865475,885990698,255323538,803554114
166,outbreak,Sorrel 0,1.0,0.0011852316658828145,0.002351556544159757,0.0007071067811865475,1989583992,914574815,244230786
167,outbreak,Sorrel 1,2.0,0.0005844437786408575,0.003187088722705703,0.0007071067811865475,1400011216,2067199702,1862921945
168,outbreak,Sorrel 2,1.0,0.0011040435731516885,0.0026481087139631153,0.0007071067811865475,588574701,974736131,1140349286
169,outbreak,Sorrel 1,1.0,0.00050951933282501,0.0024874077587518206,0.0007071067811865475,532231408,577011640,508228554
170,outbreak,Sorrel 1,3.0,0.0003881564944619637,0.0009444636610026843,0.0007071067811865475,2135847073,1602053466,1805725310
171,outbreak,Menard 2,1.0,0.0010774898271071203,0.002765849412018432,0.0007071067811865475,1753568065,2059744894,226082954
172,outbreak,Sorrel 2,3.0,0.0005442424645398113,0.002664261176586919,0.0007071067811865475,1893291239,142934056,1020958851
173,outbreak,Menard 2,2.0,0.0005407872976383456,0.0008866068024398458,0.0007071067811865475,1276536571,768500831,313904651
174,outbreak,Other,2.0,0.000385912132628028,0.0019374553731833764,0.0007071067811865475,412963962,1770952863,684454368
175,outbreak,Sorrel 2,3.0,0.0004666354806593237,0.0031227944924300042,0.0007071067811865475,666438637,1982904517,308962622
176,outbreak,Sorrel 2,2.0,0.0012115363660726646,0.0009763421527089008,0.0007071067811865475,1965520739,1977769028,1285397040
177,outbreak,Menard 1,2.0,0.0009112202924437953,0.0017489141364062212,0.0007071067811865475,355476667,334708658,611431720
178,outbreak,Sorrel 1,2.0,0.00040256881379529625,0.0010202289175381956,0.0007071067811865475,1239990661,329882253,978517948
179,outbreak,Sorrel 2,3.0,0.0012403605168848579,0.0016972572718826507,0.0007071067811865475,248013022,1160251317,45415018
180,outbreak,Sorrel 2,3.0,0.0003822464932375636,0.0010445964192126523,0.0007071067811865475,1522643590,118960734,418376710
181,outbreak,Sorrel 1,2.0,0.0005145942926328016,0.0016917354993005152,0.0007071067811865475,375039702,1784546221,114636826
182,outbreak,Menard 2,1.0,0.0004926576690500246,0.002040168174721794,0.0007071067811865475,921828104,1269471677,1108092010
183,outbreak,Menard 2,2.0,0.0003678017739532361,0.0023147457202041827,0.0007071067811865475,1461823314,1724646939,845314968
184,outbreak,Sorrel 0,1.0,0.0006153249826113346,0.0019092295949382978,0.0007071067811865475,1778584327,682880680,2114031674
185,outbreak,Sorrel 0,1.0,0.001189098954597362,0.0032676418291690138,0.0007071067811865475,1083461842,1580576612,1879058804
186,outbreak,Sorrel 1,1.0,0.0007482129706003241,0.001594846107118528,0.0007071067811865475,1702205586,1827791249,1152154131
187,outbreak,Other,1.0,0.000420624277402058,0.0027316108135203173,0.0007071067811865475,93361984,1058888832,389764866
188,outbreak,Menard 2,2.0,0.0010740974122031288,0.003154993662126382,0.0007071067811865475,1909363324,508405738,489776227
189,outbreak,Menard 2,2.0,0.0007363978251108553,0.0013145532844234125,0.0007071067811865475,535555740,1379900536,1226712777
190,outbreak,Other,3.0,0.0009797640575995657,0.0009628149230471214,0.0007071067811865475,2037620260,893916751,606187738
191,outbreak,Sorrel 2,2.0,0.0006109963148660827,0.0031340580174274205,0.0007071067811865475,105772416,15195396,802330252
192,outbreak,Sorrel 0,3.0,0.0008067715113157149,0.002838218100655064,0.0007071067811865475,1988177715,1124750891,1918878898
193,outbreak,Sorrel 0,1.0,0.0011408256450349428,0.0016293378360796812,0.0007071067811865475,218338748,200405329,1789838614
194,outbreak,Sorrel 0,3.0,0.001239177108639478,0.0026842019517762084,0.0007071067811865475,229226759,111587258,867782439
195,outbreak,Menard 2,1.0,0.0006052784805485047,0.002504951797511572,0.0007071067811865475,1986082789,1480439527,212843850
196,outbreak,Sorrel 0,1.0,0.0008001094982425281,0.0025259603203386985,0.0007071067811865475,1797725225,1811563413,1719482720
197,outbreak,Menard 1,3.0,0.0004979290884348205,0.0020024717754732134,0.0007071067811865475,1938432865,515134128,2103612017
198,outbreak,Sorrel 2,2.0,0.0010935918648036582,0.002958698263240142,0.0007071067811865475,688690082,1722337462,1244175904
199,outbreak,Sorrel 2,1.0,0.0003677675857079646,0.0008629439622021596,0.0007071067811865475,1673915271,1348231937,1379722328
200,outbreak,Other,1.0,0.0008360128151249566,0.002437019768635504,0.0007071067811865475,1323460010,1672881932,1587082673
201,outbreak,Sorrel 2,3.0,0.00035174457147250893,0.0014699636637708847,0.0007071067811865475,288948666,1773939345,1151197340
202,outbreak,Sorrel 0,2.0,0.0009038177028189994,0.0017601353083224385,0.0007071067811865475,693816369,1104285204,2076581195
203,outbreak,Sorrel 0,2.0,0.000482918507064344,0.0013542232366385357,0.0007071067811865475,1841622155,1790353918,993854069
204,outbreak,Other,1.0,0.0004739344483738237,0.001617151845423697,0.0007071067811865475,1683923194,826973395,1473529149
205,outbreak,Sorrel 1,3.0,0.0005612487795225731,0.0009201172636740681,0.0007071067811865475,1373451665,536438634,572225616
206,outbreak,Other,2.0,0.0013441161221099365,0.0028775586167545325,0.0007071067811865475,131282429,300150376,931188965
207,outbreak,Other,2.0,0.0012197450845573834,0.0020304220809689265,0.0007071067811865475,1026233631,354594072,895263101
208,outbreak,Menard 2,3.0,0.000668195885048692,0.001772954743241783,0.0007071067811865475,1297461342,499440143,726358214
209,outbreak,Menard 1,2.0,0.001014895579554927,0.002854991119290054,0.0007071067811865475,789225602,1084594964,786821794
210,outbreak,Menard 1,1.0,0.0003464482344110102,0.0017061439444500657,0.0007071067811865475,1582576516,703291368,931786188
211,outbreak,Other,3.0,0.0010799030355159594,0.0015648323881170994,0.0007071067811865475,814892905,392808678,1472622620
212,outbreak,Other,1.0,0.0012556425724485594,0.002734496933331544,0.0007071067811865475,505616787,637537374,1702421863
213,outbreak,Sorrel 2,3.0,0.0010638581042231715,0.0018082278518380087,0.0007071067811865475,2037656880,1440624719,1967842386
214,outbreak,Other,1.0,0.0013480119226879372,0.0031508478701576395,0.0007071067811865475,1834360416,1032747280,1654185558
215,outbreak,Sorrel 1,3.0,0.000810810819195914,0.002751448310107715,0.0007071067811865475,705150317,988909888,1149837454
216,outbreak,Other,3.0,0.000884505753505288,0.0014934199751015724,0.0007071067811865475,2062643048,1822269772,1050662749
217,outbreak,Sorrel 0,1.0,0.0005210172387071326,0.0015885589744871794,0.0007071067811865475,1401420641,434557272,1727418296
218,outbreak,Other,2.0,0.0008323917071928306,0.0020232378271904166,0.0007071067811865475,1187639969,1144012375,1645581340
219,outbreak,Menard 1,3.0,0.0013120611877090928,0.001733169393523078,0.0007071067811865475,1359180258,155621867,618809469
220,outbreak,Sorrel 0,2.0,0.0010969859839021585,0.0028602064118422206,0.0007071067811865475,379501089,1578171048,75477976
221,outbreak,Sorrel 0,3.0,0.0005180388583528985,0.0013747172940198173,0.0007071067811865475,434660553,1283003445,1492067619
222,outbreak,Menard 1,3.0,0.0012714688124783522,0.002488206675360143,0.0007071067811865475,1080839039,1848380123,1973408809
223,outbreak,Sorrel 1,3.0,0.00041851225056550265,0.0008498828124926195,0.0007071067811865475,283688682,2045501996,1319370445
224,outbreak,Sorrel 0,3.0,0.0007260770059397832,0.0023582306901643434,0.0007071067811865475,1366270232,204216563,1335459690
225,outbreak,Other,2.0,0.0006576960762125345,0.0027347726113136944,0.0007071067811865475,1558462443,1247239454,181447805
226,outbreak,Sorrel 2,2.0,0.0012646394767047433,0.0015417525908925213,0.0007071067811865475,1123622397,2009915463,1553525128
227,outbreak,Other,3.0,0.0007223868648801175,0.0028223972316843123,0.0007071067811865475,295081282,2061452238,2059179647
228,outbreak,Menard 2,1.0,0.0008633685354219915,0.0028260689480800578,0.0007071067811865475,363774124,1719885671,873418335
229,outbreak,Sorrel 2,2.0,0.0012093681476003718,0.002606262720818592,0.0007071067811865475,1274922395,956030321,1680672466
230,outbreak,Menard 1,2.0,0.0005894955975277408,0.001518936572132277,0.0007071067811865475,2140310746,1707496113,2000104912
231,outbreak,Sorrel 2,3.0,0.0005750076075229681,0.0028512622383235326,0.0007071067811865475,2031577646,193499943,544136608
232,outbreak,Menard 2,3.0,0.0005950062447787096,0.0016367314359077535,0.0007071067811865475,1550175178,1267178335,107688082
233,outbreak,Menard 1,3.0,0.0006122049034331006,0.0029840777594528473,0.0007071067811865475,204116597,1117867008,1323205764
234,outbreak,Menard 1,2.0,0.0007117841301084891,0.0021982890959373795,0.0007071067811865475,360174543,367845274,277756009
235,outbreak,Menard 1,3.0,0.0003736834536708152,0.002769525862357041,0.0007071067811865475,1213222199,16865564,1229285167
236,outbreak,Menard 1,1.0,0.0008000113938656827,0.001707118848671879,0.0007071067811865475,1022049021,1000695495,1458734665
237,outbreak,Menard 2,3.0,0.0011355648234829142,0.0024387596189222732,0.0007071067811865475,1122343190,1562828551,1640512987
238,outbreak,Menard 2,1.0,0.0004315231203660037,0.002741416033953667,0.0007071067811865475,1975937820,1716364958,1111765580
239,outbreak,Sorrel 0,2.0,0.0009997087628073591,0.003201332441468774,0.0007071067811865475,1056890982,506180341,1287617110
240,outbreak,Menard 2,2.0,0.00045487410323034763,0.0026027309721054744,0.0007071067811865475,298791087,1999814587,1814718726
241,outbreak,Menard 1,3.0,0.0013058885104881063,0.00141867031591948,0.0007071067811865475,257125922,1687827402,251477992
242,outbreak,Menard 1,2.0,0.0005795450740604922,0.0015548178315826378,0.0007071067811865475,1548819299,188353668,1048387381
243,outbreak,Sorrel 2,3.0,0.0005481649933005547,0.0010879803774127954,0.0007071067811865475,1412750646,1565109360,898954480
244,outbreak,Sorrel 2,2.0,0.0007072111103990033,0.0020810473417936146,0.0007071067811865475,1979171322,1662842578,447245160
245,outbreak,Sorrel 2,1.0,0.0011477118372994978,0.000871178343248479,0.0007071067811865475,1441458483,1568811075,716481629
246,outbreak,Menard 2,1.0,0.0006406885054168416,0.0018698581267950448,0.0007071067811865475,1585339689,1929227469,1754739565
247,outbreak,Sorrel 2,2.0,0.0011994670077362611,0.001895610401895979,0.0007071067811865475,1637525315,1362572871,580969361
248,outbreak,Sorrel 0,1.0,0.0008096021212889694,0.003323666003259883,0.0007071067811865475,1707728277,782096402,1142883968
249,outbreak,Sorrel 2,2.0,0.00035912449458088243,0.0015513962572954007,0.0007071067811865475,675254715,672199046,338468437
250,outbreak,Other,3.0,0.001312441959197608,0.0017696610633557046,0.0007071067811865475,2064371043,317362375,185239392
251,outbreak,Sorrel 2,2.0,0.0013006967235446867,0.0031968845286414397,0.0007071067811865475,2010318419,1191881699,940391758
252,outbreak,Menard 2,3.0,0.00100684309604669,0.0028961604909191335,0.0007071067811865475,1583750614,823173050,274709584
253,outbreak,Menard 2,1.0,0.000772274129257189,0.0015651783108706493,0.0007071067811865475,1566988126,377956047,1187543564
254,outbreak,Sorrel 1,3.0,0.0010255223898210217,0.0023704092401262023,0.0007071067811865475,2038104009,2010345312,774775568
255,outbreak,Sorrel 2,3.0,0.001059665876677775,0.0021778650540227895,0.0007071067811865475,1675684697,1315711257,1029438299
256,outbreak,Sorrel 2,1.0,0.0012260733212660184,0.003038981614138061,0.0007071067811865475,300493340,808225814,1399983419
257,outbreak,Menard 1,3.0,0.0004721788170774269,0.0012165071242106998,0.0007071067811865475,2118775108,10502435,1541378369
258,outbreak,Sorrel 2,1.0,0.0011407596068540142,0.002175881185013775,0.0007071067811865475,1817494579,2042674977,910111494
259,outbreak,Sorrel 2,2.0,0.0009341007955550783,0.002182917128828676,0.0007071067811865475,254430806,581897594,1826507167
260,outbreak,Menard 2,2.0,0.0007533975913263853,0.002204607177181602,0.0007071067811865475,1885350884,1368105747,263583201
261,outbreak,Sorrel 2,3.0,0.0007687914166883198,0.002984118355795002,0.0007071067811865475,261824810,1026866795,1263274434
262,outbreak,Menard 1,2.0,0.000575602961239774,0.00262065267632054,0.0007071067811865475,69532565,1473380724,1169326367
263,outbreak,Other,3.0,0.0013433043217014745,0.0012740329659863556,0.0007071067811865475,26419816,205465953,975640393
264,outbreak,Menard 1,1.0,0.00034760594426269973,0.0009625701797462124,0.0007071067811865475,1551740406,1772531952,926213118
265,outbreak,Sorrel 2,2.0,0.0012818453853855945,0.0020560511245197905,0.0007071067811865475,634278676,2079430639,984724506
266,outbreak,Sorrel 2,2.0,0.0013379324951257733,0.0015337081366377737,0.0007071067811865475,677294267,949862354,25966621
267,outbreak,Other,3.0,0.00043748521687628054,0.002936498915293062,0.0007071067811865475,648384135,1107144765,1972338951
268,outbreak,Menard 1,3.0,0.0008137910481454412,0.002529895175405377,0.0007071067811865475,1585328415,1677816164,1170167491
269,outbreak,Sorrel 2,3.0,0.0005398727371486803,0.002062792369463785,0.0007071067811865475,237486803,839508206,2141115623
270,outbreak,Sorrel 0,3.0,0.0012906740549694041,0.0017707670111073261,0.0007071067811865475,94856517,1888067674,1469943245
271,outbreak,Menard 2,3.0,0.00045960777779405416,0.0025478562562040916,0.0007071067811865475,609688727,1670717960,1797221718
272,outbreak,Sorrel 1,3.0,0.0009586424664449277,0.0025471664867317153,0.0007071067811865475,92812303,228534204,1429686406
273,outbreak,Sorrel 2,1.0,0.000668195104773158,0.0014730300474204742,0.0007071067811865475,2145561070,51467744,1429547084
274,outbreak,Other,2.0,0.0011005435373852733,0.0025753320298432317,0.0007071067811865475,293184265,1396132839,1338558492
275,outbreak,Menard 2,3.0,0.0010990571361432187,0.0031643587350077096,0.0007071067811865475,194219981,1461852461,1926364554
276,outbreak,Menard 1,3.0,0.001018794247005646,0.002745769208220876,0.0007071067811865475,1854231147,62275958,528101772
277,outbreak,Sorrel 2,3.0,0.0008470042659942884,0.003210587048689325,0.0007071067811865475,517174316,973437866,307137137
278,outbreak,Menard 2,1.0,0.0010938721338612206,0.0027745151277426077,0.0007071067811865475,1834695444,1668096449,1735917877
279,outbreak,Menard 2,2.0,0.0009598412436741333,0.0023884425936761067,0.0007071067811865475,425640336,31294388,1955580701
280,outbreak,Menard 2,2.0,0.0009117231500877198,0.0008465927244096979,0.0007071067811865475,620426082,1409327029,1953000084
281,outbreak,Other,3.0,0.0012772309432473494,0.0028842457205880525,0.0007071067811865475,77658828,11753975,11660479
282,outbreak,Sorrel 2,2.0,0.00034472737004841766,0.001476741231470865,0.0007071067811865475,335706974,110934531,1760895469
283,outbreak,Other,3.0,0.0010360942822863126,0.0028267100234054335,0.0007071067811865475,1301214409,2104634364,1721169081
284,outbreak,Other,2.0,0.0009997327635885701,0.0009801240417228842,0.0007071067811865475,2068430278,512288280,618044923
285,outbreak,Menard 2,1.0,0.00041464227784465115,0.0032441297178296383,0.0007071067811865475,1824091599,525881787,122904655
286,outbreak,Menard 2,3.0,0.0009903995174237155,0.0030021325644580127,0.0007071067811865475,1436946004,1720056777,2079185544
287,outbreak,Sorrel 1,2.0,0.00043062311350033493,0.001368193646660061,0.0007071067811865475,1992425513,258193185,1658090160
288,outbreak,Sorrel 1,3.0,0.0006304104409086103,0.0028223839984821025,0.0007071067811865475,1817045845,1499202966,1760506455
289,outbreak,Menard 1,1.0,0.0008070909752157321,0.0032136177099586828,0.0007071067811865475,1799548815,958959232,86224258
290,outbreak,Menard 2,2.0,0.0013012710175510332,0.0008469121533243607,0.0007071067811865475,979669930,433323782,244232053
291,outbreak,Other,1.0,0.0008915562032343354,0.002676477341510483,0.0007071067811865475,268271558,1497599223,1083472050
292,outbreak,Menard 2,2.0,0.0010708603747376858,0.001242472419169921,0.0007071067811865475,1159294773,1600279319,1177396075
293,outbreak,Sorrel 0,2.0,0.000759909422276079,0.002393862436803418,0.0007071067811865475,1352940133,184736155,1827790118
294,outbreak,Menard 1,2.0,0.0003701939329938935,0.002720274958326404,0.0007071067811865475,963749361,333317362,1746609610
295,outbreak,Sorrel 2,1.0,0.000863566104396345,0.002726998100718396,0.0007071067811865475,1577586781,113872326,414553444
296,outbreak,Sorrel 0,1.0,0.00035630623920001356,0.002718372076119911,0.0007071067811865475,33821670,581449990,214706213
297,outbreak,Sorrel 0,3.0,0.0011101654852343364,0.0032544150556029993,0.0007071067811865475,1524508728,1122174304,2104973746
298,outbreak,Sorrel 0,3.0,0.0003595548059946447,0.0027128134264695286,0.0007071067811865475,1609375936,1313279892,1093742099
299,outbreak,Sorrel 0,2.0,0.00039067481502994716,0.002337860293157487,0.0007071067811865475,117038534,150756001,1323513434
