trajectory,scenario,split
0,endemic,train
1,endemic,train
2,endemic,train
3,endemic,train
4,endemic,train
5,endemic,train
6,endemic,test
7,endemic,train
8,endemic,train
9,endemic,val
10,endemic,train
11,endemic,train
12,endemic,train
13,endemic,train
14,endemic,test
15,endemic,val
16,endemic,val
17,endemic,train
18,endemic,train
19,endemic,test
20,endemic,train
21,endemic,train
22,endemic,test
23,endemic,val
24,endemic,train
25,endemic,train
26,endemic,train
27,endemic,train
28,endemic,train
29,endemic,train
30,endemic,test
31,endemic,val
32,endemic,val
33,endemic,train
34,endemic,test
35,endemic,test
36,endemic,test
37,endemic,train
38,endemic,train
39,endemic,train
40,endemic,train
41,endemic,test
42,endemic,train
43,endemic,train
44,endemic,val
45,endemic,train
46,endemic,train
47,endemic,test
48,endemic,val
49,endemic,test
50,endemic,train
51,endemic,train
52,endemic,train
53,endemic,train
54,endemic,train
55,endemic,train
56,endemic,train
57,endemic,val
58,endemic,test
59,endemic,train
60,endemic,val
61,endemic,val
62,endemic,val
63,endemic,train
64,endemic,test
65,endemic,train
66,endemic,train
67,endemic,test
68,endemic,train
69,endemic,train
70,endemic,train
71,endemic,train
72,endemic,train
73,endemic,train
74,endemic,train
75,endemic,train
76,endemic,train
77,endemic,test
78,endemic,train
79,endemic,train
80,endemic,train
81,endemic,train
82,endemic,train
83,endemic,train
84,endemic,train
85,endemic,train
86,endemic,train
87,endemic,train
88,endemic,train
89,endemic,train
90,endemic,train
91,endemic,train
92,endemic,train
93,endemic,train
94,endemic,train
95,endemic,train
96,endemic,train
97,endemic,test
98,endemic,train
99,endemic,val
100,endemic,train
101,endemic,train
102,endemic,test
103,endemic,train
104,endemic,train
105,endemic,train
106,endemic,train
107,endemic,train
108,endemic,train
109,endemic,val
110,endemic,test
111,endemic,train
112,endemic,val
113,endemic,test
114,endemic,train
115,endemic,val
116,endemic,train
117,endemic,val
118,endemic,train
119,endemic,train
120,endemic,train
121,endemic,val
122,endemic,train
123,endemic,train
124,endemic,train
125,endemic,train
126,endemic,train
127,endemic,val
128,endemic,train
129,endemic,train
130,endemic,train
131,endemic,train
132,endemic,train
133,endemic,train
134,endemic,train
135,endemic,train
136,endemic,test
137,endemic,test
138,endemic,val
139,endemic,train
140,endemic,test
141,endemic,test
142,endemic,val
143,endemic,train
144,endemic,train
145,endemic,train
146,endemic,train
147,endemic,val
148,endemic,train
149,endemic,train
150,outbreak,train
151,outbreak,train
152,outbreak,train
153,outbreak,train
154,outbreak,test
155,outbreak,train
156,outbreak,train
157,outbreak,train
158,outbreak,val
159,outbreak,test
160,outbreak,train
161,outbreak,val
162,outbreak,train
163,outbreak,train
164,outbreak,train
165,outbreak,train
166,outbreak,train
167,outbreak,train
168,outbreak,val
169,outbreak,train
170,outbreak,val
171,outbreak,test
172,outbreak,train
173,outbreak,val
174,outbreak,train
175,outbreak,val
176,outbreak,train
177,outbreak,train
178,outbreak,train
179,outbreak,val
180,outbreak,train
181,outbreak,val
182,outbreak,test
183,outbreak,val
184,outbreak,train
185,outbreak,train
186,outbreak,train
187,outbreak,train
188,outbreak,train
189,outbreak,train
190,outbreak,train
191,outbreak,test
192,outbreak,train
193,outbreak,train
194,outbreak,train
195,outbreak,val
196,outbreak,train
197,outbreak,train
198,outbreak,test
199,outbreak,train
200,outbreak,train
201,outbreak,train
202,outbreak,test
203,outbreak,train
204,outbreak,train
205,outbreak,train
206,outbreak,train
207,outbreak,train
208,outbreak,train
209,outbreak,test
210,outbreak,train
211,outbreak,train
212,outbreak,train
213,outbreak,train
214,outbreak,train
215,outbreak,train
216,outbreak,val
217,outbreak,test
218,outbreak,train
219,outbreak,train
220,outbreak,train
221,outbreak,train
222,outbreak,test
223,outbreak,train
224,outbreak,val
225,outbreak,train
226,outbreak,val
227,outbreak,val
228,outbreak,train
229,outbreak,val
230,outbreak,train
231,outbreak,train
232,outbreak,train
233,outbreak,test
234,outbreak,train
235,outbreak,train
236,outbreak,train
237,outbreak,train
238,outbreak,val
239,outbreak,train
240,outbreak,train
241,outbreak,train
242,outbreak,train
243,outbreak,test
244,outbreak,test
245,outbreak,val
246,outbreak,train
247,outbreak,train
248,outbreak,train
249,outbreak,train
250,outbreak,train
251,outbreak,train
252,outbreak,train
253,outbreak,train
254,outbreak,train
255,outbreak,train
256,outbreak,test
257,outbreak,val
258,outbreak,test
259,outbreak,train
260,outbreak,train
261,outbreak,train
262,outbreak,val
263,outbreak,test
264,outbreak,train
265,outbreak,train
266,outbreak,train
267,outbreak,train
268,outbreak,train
269,outbreak,train
270,outbreak,train
271,outbreak,val
272,outbreak,train
273,outbreak,train
274,outbreak,test
275,outbreak,test
276,outbreak,train
277,outbreak,train
278,outbreak,test
279,outbreak,train
280,outbreak,test
281,outbreak,train
282,outbreak,train
283,outbreak,test
284,outbreak,val
285,outbreak,train
286,outbreak,train
287,outbreak,train
288,outbreak,test
289,outbreak,train
290,outbreak,train
291,outbreak,test
292,outbreak,train
293,outbreak,train
294,outbreak,train
295,outbreak,train
296,outbreak,train
297,outbreak,train
298,outbreak,val
299,outbreak,train
