lambda,val_rmse_h1_4
4.281332398719387,0.012957063691687323
1.438449888287663,0.012963354815287325
0.4832930238571752,0.01296927533221962
0.1623776739188721,0.012971703874402926
0.05455594781168514,0.012972569775172842
0.01832980710832434,0.012972866354683624
0.00615848211066026,0.012972966638606514
0.002069138081114788,0.01297300040428885
0.0006951927961775605,0.01297301175708497
0.00023357214690901214,0.012973015572337111
7.847599703514606e-05,0.01297301685429626
2.6366508987303556e-05,0.012973017285022922
8.858667904100832e-06,0.012973017429740615
2.976351441631319e-06,0.012973017478363241
1e-06,0.01297301749469958
12.742749857031322,0.013031736833279848
37.92690190732246,0.013892949782633716
112.88378916846884,0.018592307908475054
335.9818286283774,0.02991604013920669
1000.0,0.043177490918070736
