dictionary,mode,eigenvalue_magnitude,ward,share
D1,0,1.0000000000000013,Menard 1,0.45218119851358274
D1,0,1.0000000000000013,Menard 2,0.09051092374886126
D1,0,1.0000000000000013,Sorrel 0,0.1622084681884205
D1,0,1.0000000000000013,Sorrel 1,0.013887165334131608
D1,0,1.0000000000000013,Sorrel 2,0.2341719487744688
D1,0,1.0000000000000013,Other,0.047040295440535174
D2,0,1.0138286429854841,Menard 1,0.20946518067945277
D2,0,1.0138286429854841,Menard 2,0.0709027247528028
D2,0,1.0138286429854841,Sorrel 0,0.011011261289137476
D2,0,1.0138286429854841,Sorrel 1,0.4182361356581641
D2,0,1.0138286429854841,Sorrel 2,0.11741775115419471
D2,0,1.0138286429854841,Other,0.17296694646624824
D3,0,1.0003510783787652,Menard 1,0.24921839591431658
D3,0,1.0003510783787652,Menard 2,0.047222821232642605
D3,0,1.0003510783787652,Sorrel 0,0.110395203366879
D3,0,1.0003510783787652,Sorrel 1,0.4147173567927513
D3,0,1.0003510783787652,Sorrel 2,0.07322342101849541
D3,0,1.0003510783787652,Other,0.10522280167491505
