model,period,h,ward,n,rmse,mae,rmse_clipped,mae_clipped,skill_vs_persistence
persistence,holdout,1,overall,24,0.04635301018104323,0.038407550857929164,0.04635301018104323,0.038407550857929164,0.0
D2,holdout,1,overall,24,0.04641098773039935,0.03836772254342153,0.04641098773039935,0.03836772254342153,-0.0012507828322190218
D1,holdout,1,overall,24,0.046525373596726795,0.03837784231917018,0.046525373596726795,0.03837784231917018,-0.0037184945489054932
D3,holdout,1,overall,24,0.04664683854170626,0.038575710811924506,0.04664683854170626,0.038575710811924506,-0.006338927278194184
ward_sis,holdout,1,overall,24,0.0473452614745311,0.03802028792574505,0.0473452614745311,0.03802028792574505,-0.02140640466740762
network_exposure,holdout,1,overall,24,0.06758989723867219,0.056714975546296446,0.06758989723867219,0.056714975546296446,-0.458155510821908
historical_mean,holdout,1,overall,24,0.06920210877090661,0.05948575708775796,0.06920210877090661,0.05948575708775796,-0.4929366723028459
ward_sis,holdout,2,overall,24,0.06199321815685899,0.04835850596719643,0.06199321815685899,0.04835850596719643,0.03841608906873106
D2,holdout,2,overall,24,0.06311379689578334,0.051262249903320754,0.06311379689578334,0.051262249903320754,0.021034663836782763
D1,holdout,2,overall,24,0.06374852586185878,0.05195343133869109,0.06374852586185878,0.05195343133869109,0.011189310107349693
D3,holdout,2,overall,24,0.06380397448512512,0.05189614887295665,0.06380397448512512,0.05189614887295665,0.010329240157741837
persistence,holdout,2,overall,24,0.06446989956063238,0.05295855612475267,0.06446989956063238,0.05295855612475267,0.0
historical_mean,holdout,2,overall,24,0.06920210877090661,0.05948575708775796,0.06920210877090661,0.05948575708775796,-0.07340183934711586
network_exposure,holdout,2,overall,24,0.08566259107149521,0.07163691648284763,0.08566259107149521,0.07163691648284763,-0.32872226659716763
historical_mean,holdout,3,overall,24,0.06920210877090661,0.05948575708775796,0.06920210877090661,0.05948575708775796,0.20016352832628626
ward_sis,holdout,3,overall,24,0.07471549687725808,0.06178074164481565,0.07471549687725808,0.06178074164481565,0.13643990821883212
D2,holdout,3,overall,24,0.08572479048800048,0.0633695288271658,0.08572479048800048,0.0633695288271658,0.009194731538057943
D1,holdout,3,overall,24,0.08635469659980659,0.06404694781261204,0.08635469659980659,0.06404694781261204,0.0019142903650785081
persistence,holdout,3,overall,24,0.08652032161786316,0.06348482373957927,0.08652032161786316,0.06348482373957927,0.0
D3,holdout,3,overall,24,0.08694155221248592,0.06400353794893864,0.08694155221248592,0.06400353794893864,-0.004868574073074061
network_exposure,holdout,3,overall,24,0.09246454801515186,0.07876774229006596,0.09246454801515186,0.07876774229006596,-0.06870323972606962
historical_mean,holdout,4,overall,24,0.06920210877090661,0.05948575708775796,0.06920210877090661,0.05948575708775796,0.20302025007639368
ward_sis,holdout,4,overall,24,0.08453168500866637,0.07031652222326128,0.08453168500866637,0.07031652222326128,0.02647415844138057
persistence,holdout,4,overall,24,0.08683044804782043,0.05798084094010438,0.08683044804782043,0.05798084094010438,0.0
D2,holdout,4,overall,24,0.0876479262602312,0.060130251802647396,0.0876479262602312,0.060130251802647396,-0.00941464924792923
D1,holdout,4,overall,24,0.08818759616485519,0.06060340029273421,0.08818759616485519,0.06060340029273421,-0.015629864264748772
D3,holdout,4,overall,24,0.08898118016679021,0.06085132725026413,0.08898118016679021,0.06085132725026413,-0.02476933111971613
network_exposure,holdout,4,overall,24,0.09477469902700396,0.08114420200651838,0.09477469902700396,0.08114420200651838,-0.09149153502937546
